Title,Artist,Male Key,Female Key,BPM,Time Signature,Themes,Tags
Way Maker,Leeland,D,F,68,4/4,miracles; faith; presence; comfort,modern; ccli_top; miracle; faith; encouragement
Build My Life,Pat Barrett,D,F,72,4/4,lordship; holiness; surrender; discipleship,modern; foundation; discipleship; response_song
Graves Into Gardens,Elevation Worship,B,D,72,6/8,resurrection; new-life; hope; power-of-god,modern; resurrection; celebration; testimony
Goodness Of God,Bethel Music,A,C,70,6/8,faithfulness; gratitude; trust; testimony,modern; faithfulness; testimony; slow_build
Living Hope,Phil Wickham,C,E,68,4/4,gospel; cross; resurrection; grace,modern; gospel_central; easter; communion
Great Are You Lord,All Sons & Daughters,D,F,72,6/8,creation; breath-of-god; praise; dependence,modern; praise; call_to_worship; slow_anthem
What A Beautiful Name,Hillsong Worship,D,F,68,4/4,name-of-jesus; incarnation; cross; victory,modern; christ_exalting; name_of_jesus; anthem
Who You Say I Am,Hillsong Worship,G,Bb,86,4/4,identity-in-christ; adoption; freedom; grace,modern; identity; freedom; youth_friendly
Raise A Hallelujah,Bethel Music,D,F,82,4/4,spiritual-battle; praise-in-trial; faith; victory,modern; battle; encouragement; faith_in_storm
This Is Amazing Grace,Phil Wickham,Bb,D,98,4/4,grace; cross; victory; praise,modern; upbeat; gospel_central; service_opener
King Of Kings,Hillsong Worship,D,F,68,4/4,gospel_story; incarnation; resurrection; church,modern; story; gospel_overview; seasonal
"10,000 Reasons",Matt Redman,G,Bb,74,4/4,gratitude; faithfulness; lifelong-worship,modern_hymn; gratitude; intergenerational; flexible_style
Great Things,Phil Wickham,B,D,126,4/4,victory; praise; redemption; celebration,modern; upbeat; celebration; service_opener
Glorious Day,Passion,D,F,144,4/4,salvation; testimony; freedom; resurrection,modern; testimony; baptism; youth_energy
Lord I Need You,Matt Maher,D,F,72,4/4,dependence; confession; grace; prayer,modern_hymn; confession; ministry_time; prayer_song
In Christ Alone,Keith Getty & Stuart Townend,D,F,68,3/4,christ_central; cross; resurrection; assurance,modern_hymn; doctrinal; cross_centered; intergenerational
The Lion And The Lamb,Bethel Music,B,D,90,4/4,kingship; victory; cross-and-crown,modern; kingship; victory; upbeat
How Great Is Our God,Chris Tomlin,G,Bb,76,4/4,greatness-of-god; trinity; praise,modern_classic; praise; intergenerational; flexible
The Blessing,Kari Jobe & Cody Carnes,Bb,D,72,4/4,blessing; generations; favor; presence,modern; benediction; family; special_moments
Cornerstone,Hillsong Worship,C,E,72,4/4,christ_our_rock; grace; hope; security,modern_hymn; foundation; comfort; storm
See A Victory,Elevation Worship,Bb,D,76,4/4,spiritual-battle; trust; sovereignty,modern; battle; encouragement; trust
Reckless Love,Cory Asbury,G,Bb,84,6/8,love-of-god; pursuit; grace,modern; love_of_god; ministry_nights; pastoral_moment
King Of My Heart,John Mark & Sarah McMillan,G,Bb,68,4/4,goodness-of-god; trust; surrender,modern; trust; comfort; reflection
O Come To The Altar,Elevation Worship,Bb,D,72,6/8,invitation; forgiveness; grace; repentance,modern; altar_call; ministry_time; gentle
Amazing Grace (My Chains Are Gone),Chris Tomlin,D,F,72,3/4,grace; freedom; assurance,modern_hymn; grace; freedom; communion
O Praise The Name (An'e1stasis),Hillsong Worship,D,F,72,3/4,cross; resurrection; return-of-christ; praise,modern; easter; story; communion
Good Good Father,Chris Tomlin,A,C,72,6/8,father_heart_of_god; identity; love,modern; fatherhood_of_god; healing; identity
How Great Thou Art,Traditional,A,C,72,3/4,creation; cross; second-coming; awe,hymn; classic; awe; intergenerational
Battle Belongs,Phil Wickham,B,D,82,4/4,spiritual-battle; trust; sovereignty,modern; battle; trust; encouragement
Yes I Will,Vertical Worship,C,E,86,4/4,choice-to-worship; faith-in-trial; praise,modern; faithfulness; choice; mid_tempo
Revelation Song,Kari Jobe,D,F,66,4/4,holiness; throne-room; worship_of_the_lamb,modern; throne_room; awe; extended_worship
Holy Spirit,Bryan & Katie Torwalt,D,F,72,4/4,presence-of-god; spirit; surrender,modern; spirit; ministry_time; prayer
Do It Again,Elevation Worship,Bb,D,86,4/4,faithfulness; waiting; trust,modern; waiting; faithfulness; encouragement
Hymn Of Heaven,Phil Wickham,D,F,70,4/4,heaven; hope; saints; worship,modern; heaven; remembrance; hope
Is He Worthy,Andrew Peterson,E,G,72,3/4,call-and-response; worthiness-of-christ; lament-and-hope,modern_hymn; response; lament_and_hope; throne_room
Jesus Messiah,Chris Tomlin,A,C,70,4/4,cross; atonement; lordship,modern; cross; communion; christ_central
Mighty To Save,Hillsong Worship,A,C,72,4/4,salvation; compassion; mission,modern_classic; salvation; mission; mid_tempo
My Jesus,Anne Wilson,G,Bb,76,4/4,testimony; evangelism; hope,modern; testimony; evangelistic; story
Only King Forever,Elevation Worship,C,E,134,4/4,kingship; victory; praise,modern; upbeat; kingship; opener
Open The Eyes Of My Heart,Paul Baloche,E,G,104,4/4,revelation; holiness; vision,classic_modern; prayer_for_revelation; pre_sermon; mid_tempo
Our God,Chris Tomlin,D,F,104,4/4,sovereignty; power; presence,modern_classic; power; faith; upbeat
Praise Is Rising,Brenton Brown,D,F,102,4/4,call-to-worship; welcome; presence,modern; opener; call_to_worship; mid_tempo
Promises,Maverick City Music,Bb,D,72,4/4,faithfulness; covenant; trust,modern; faithfulness; gospel_influenced; extended
Same God,Elevation Worship,Bb,D,72,4/4,unchanging-god; faith; prayer,modern; attributes_of_god; faith; story_link
Shout To The Lord,Darlene Zschech,A,C,80,4/4,praise; majesty; security,modern_classic; praise; intergenerational; anthem
This I Believe (The Creed),Hillsong Worship,G,Bb,72,4/4,creed; doctrine; identity,modern; creedal; doctrinal; confession
Tremble,Mosaic MSC,C,E,72,4/4,name-of-jesus; peace; spiritual-warfare,modern; peace; name_of_jesus; ministry
Worthy Of It All,David Brymer,D,F,70,4/4,worth-of-christ; unceasing-worship; throne_room,modern; throne_room; extended_worship; adoration
Yet Not I But Through Christ In Me,CityAlight,C,E,72,4/4,grace; union-with-christ; pilgrimage,modern_hymn; grace; discipleship; reflection
House Of The Lord,Phil Wickham,B,D,86,4/4,joy; celebration; identity,modern; joy; gathering; opener
Blessed Be Your Name,Matt Redman,A,D,116,4/4,trust; praise; surrender; sovereignty,classic; ccli_top; anthem; declaration
Take You At Your Word,Cody Carnes & Benjamin Hastings,D,G,172,12/8,faith; promise; trust; scripture,modern; upbeat; declaration; faith
Victory In Jesus,Eugene M. Bartlett (Traditional Hymn),A,D,144,4/4,victory; salvation; triumph; cross,hymn; classic; gospel; celebration
His Mercy Is More,Matt Boswell & Matt Papa,F,Bb,63,6/8,grace; mercy; forgiveness; redemption,modern_hymn; reflective; communion; grace
We Praise You,Matt Redman & Brandon Lake,A,D,82,4/4,praise; victory; faith; celebration,modern; anthem; celebration; warfare
How Deep The Father's Love For Us,Stuart Townend,D,G,55,3/4,cross; love; sacrifice; devotion,modern_hymn; communion; cross; reflective
The Heart Of Worship,Matt Redman,D,A,72,4/4,worship; humility; surrender; devotion,classic; introspective; surrender; response
Abide,Aaron Williams (The Worship Initiative),B,E,74,6/8,presence; surrender; dependence; rest,reflective; prayer; presence; intimate
Worthy,Elevation Worship,D,G,67,4/4,worship; glory; adoration; holiness,worship; adoration; slow; heavenly
Praise You Anywhere,Brandon Lake,B,E,108,4/4,praise; joy; perseverance; freedom,modern; upbeat; joy; declaration
Jesus Paid It All,Passion (Kristian Stanfill),B,D,76,4/4,cross; salvation; forgiveness; gratitude,hymn; modern_arrangement; cross; communion
No Longer Slaves,Bethel Music (Jonathan & Melissa Helser),Bb,Eb,74,4/4,freedom; identity; fear; trust,modern; ccli_top; identity; freedom
Made For More,Josh Baldwin,D,A,148,4/4,identity; purpose; calling; faith,modern; upbeat; identity; anthem
Agnus Dei,Michael W. Smith,A,D,68,4/4,worship; holiness; majesty; reverence,classic; worship; heavenly; communion
You've Already Won,Shane & Shane,Db,G,76,6/8,victory; hope; trust; assurance,modern; declaration; victory; hope
Because He Lives,Bill & Gloria Gaither,A,D,72,4/4,resurrection; hope; victory; eternal_life,hymn; classic; easter; hope
Run To The Father,Cody Carnes,C,F,68,6/8,grace; surrender; forgiveness; fatherhood,modern; reflective; grace; surrender
Promises,Maverick City Music,Bb,Eb,74,6/8,faithfulness; promise; trust; steadfastness,modern; soulful; faithfulness; declaration
Holy Water,We The Kingdom,B,D,73,4/4,forgiveness; freedom; joy,modern; upbeat; celebration; grace
Egypt,Bethel Music (Cory Asbury),G,C,75,4/4,deliverance; thanksgiving; power,modern; declaration; deliverance; testimony
New Wine,Hillsong Worship,G,Bb,70,4/4,surrender; renewal; holy_spirit,modern; ccli_top; surrender; reflective
All Hail King Jesus,Jeremy Riddle,C,F,74,4/4,lordship; worship; resurrection,modern; anthem; easter; declaration
Make Room,Community Music,F,G,61,4/4,surrender; lordship; devotion,modern; prayer; surrender; intimate
Canvas and Clay,Pat Barrett,A,D,70,4/4,sovereignty; purpose; identity,modern; encouragement; identity; reflective
Too Good To Not Believe,Bethel Music (Brandon Lake),Bb,Eb,72,4/4,faith; miracles; power,modern; faith; declaration; testimony
Jireh,Elevation Worship & Maverick City Music,C,F,70,4/4,provision; contentment; faith,modern; ccli_top; provision; soulful
Build Your Church,Elevation Worship & Maverick City Music,A,D,89,6/8,church; unity; kingdom,modern; ccli_top; anthem; unity
Indescribable,Chris Tomlin,A,D,180,4/4,creation; awe; power,classic; upbeat; creation; anthem
Behold (Then Sings My Soul),Phil Wickham,A,D,74,4/4,sacrifice; awe; resurrection,modern; easter; cross; anthem
Highlands (Song of Ascent),Hillsong UNITED,G,C,92,4/4,presence; faithfulness; trials,modern; epic; declaration; faithfulness
House of Miracles,Brandon Lake,C,E,72,4/4,holy_spirit; faith; healing,modern; faith; healing; declaration
More Than Able,Elevation Worship,C,F,73,4/4,power; hope; trust,modern; ccli_top; faith; declaration
Thank You Jesus For The Blood,Charity Gayle,G,Bb,61,4/4,salvation; gratitude; cross,modern; ccli_top; communion; gratitude
Christ Is Mine Forevermore,CityAlight,A,D,144,4/4,hope; suffering; eternity,modern_hymn; hope; perseverance; eternity
Beneath The Waters (I Will Rise),Hillsong Worship,F,Ab,74,4/4,baptism; freedom; new_life,modern; baptism; declaration; celebration
Echo Holy,Red Rocks Worship,A,D,90,4/4,holiness; heaven; reverence,modern; worship; heavenly; reverence
I Am Not Alone,Kari Jobe,C,E,68,4/4,presence; comfort; faithfulness,modern; comfort; presence; encouragement
Nothing Else,Cody Carnes,C,E,68,4/4,seeking; repentance; devotion,modern; intimate; prayer; surrender
Good And Gracious King,CityAlight,A,C,79,4/4,grace; humility; worship,modern_hymn; grace; communion; reverence
Fear Is Not My Future,Maverick City Music & Elevation Worship,C,F,69,4/4,hope; breakthrough; healing,modern; ccli_top; hope; declaration
There Is A King,Elevation Worship,E,A,64,4/4,reign; hope; worship,modern; worship; kingdom; reverence
Peace Be Still,The Belonging Co (Hope Darst),F,A,72,4/4,trust; peace; faith,modern; peace; comfort; prayer
The Goodness of Jesus,CityAlight,G,C,70,4/4,rest; satisfaction; goodness,modern_hymn; rest; comfort; intimate
My Worth Is Not In What I Own,Keith & Kristyn Getty,C,E,65,4/4,identity; grace; humility,modern_hymn; identity; humility; reflective
Hosanna,Hillsong UNITED,C,E,77,4/4,revival; surrender; glory,classic; ccli_top; revival; anthem
The More I Seek You,Gateway Worship (Kari Jobe),C,E,86,4/4,intimacy; love; rest,classic; intimate; prayer; devotion
Refiner's Fire,Brian Doerksen,D,G,75,4/4,purification; holiness; surrender,classic; prayer; holiness; surrender
Forever,Chris Tomlin,A,D,118,4/4,faithfulness; thanksgiving; praise,classic; upbeat; celebration; faithfulness
Holy Is The Lord,Chris Tomlin,A,D,84,4/4,holiness; glory; worship,classic; ccli_top; holiness; anthem
I Will Follow,Chris Tomlin,G,C,96,4/4,discipleship; trust; obedience,modern; declaration; discipleship; commitment
Whom Shall I Fear (God of Angel Armies),Chris Tomlin,C,F,74,4/4,trust; protection; fear,modern; ccli_top; encouragement; declaration
Jesus Is Alive,Phil Wickham,D,A,140,4/4,resurrection; victory; joy,modern; easter; celebration; upbeat
Behold Our God,Sovereign Grace Music,C,F,76,4/4,majesty; sovereignty; adoration,modern_hymn; worship; majesty; reverence
All I Have Is Christ,Sovereign Grace Music,G,C,76,4/4,sufficiency; testimony; surrender,modern_hymn; communion; testimony; surrender
Not What My Hands Have Done,Sovereign Grace Music,C,F,70,4/4,grace; atonement; humility,hymn; grace; communion; reflective
O Church Arise,Keith Getty & Stuart Townend,D,G,78,4/4,mission; warfare; unity,modern_hymn; mission; declaration; anthem
Come Behold The Wondrous Mystery,Matt Papa & Matt Boswell,D,G,77,4/4,gospel; incarnation; redemption,modern_hymn; gospel; christmas; easter
Holy Spirit,Bryan & Katie Torwalt,D,A,72,4/4,holy_spirit; presence; invocation,modern; ccli_top; prayer; presence
Spirit Lead Me,Influence Music (Michael Ketterer),G,C,59,4/4,guidance; surrender; trust,modern; prayer; surrender; intimate
Rest On Us,Maverick City Music / UPPERROOM,G,Bb,72,4/4,revival; holy_spirit; pentecost,modern; revival; prayer; holy_spirit
Fall Afresh,Jeremy Riddle / Bethel Music,A,D,76,4/4,renewal; holy_spirit; revival,modern; revival; prayer; renewal
When I Survey The Wondrous Cross,Traditional Hymn (Isaac Watts),D,G,70,4/4,cross; sacrifice; devotion,hymn; classic; communion; cross
Nothing But The Blood,Traditional Hymn (Robert Lowry),G,C,90,4/4,atonement; salvation; blood,hymn; classic; communion; atonement
Man of Sorrows,Hillsong Worship,F,Bb,72,4/4,crucifixion; redemption; sacrifice,modern; easter; cross; communion
At The Cross (Love Ran Red),Chris Tomlin,G,C,73,4/4,cross; forgiveness; surrender,modern; ccli_top; cross; surrender
Behold The Lamb (Communion Hymn),Keith & Kristyn Getty,D,G,68,4/4,communion; remembrance; unity,modern_hymn; communion; remembrance; unity
Come As You Are,Crowder,B,D,84,4/4,grace; invitation; repentance; belonging,modern; grace; invitation; response_song
All My Hope,Crowder,A,C,68,4/4,hope; faith; suffering; trust,modern; hope; pastoral; faith
Run Devil Run,Crowder,E,G,142,4/4,victory; spiritual-warfare; joy; freedom,modern; upbeat; victory; celebration
I Know A Ghost,Crowder,E,G,150,4/4,holy-spirit; joy; testimony; bold-faith,modern; holy-spirit; testimony; celebration
How He Loves,Crowder,G,B,72,4/4,love-of-god; grace; awe; surrender,modern; love-of-god; grace; worship
Build Your Kingdom Here,Rend Collective,A,C,152,4/4,mission; revival; kingdom-of-god; prayer,modern; mission; kingdom; upbeat
My Lighthouse,Rend Collective,D,F,130,4/4,faithfulness; guidance; hope; joy,modern; faithfulness; joy; family_friendly
Counting Every Blessing,Rend Collective,D,F,130,4/4,gratitude; joy; providence; testimony,modern; gratitude; joy; testimony
Joy of the Lord,Rend Collective,D,F,147,4/4,joy; strength; freedom; celebration,modern; joy; celebration; service_opener
Hallelujah Anyway,Rend Collective,A,C,138,4/4,perseverance; praise-in-trials; hope; faith,modern; perseverance; praise; resilience
Spirit of the Living God,Vertical Worship,E,G,74,4/4,holy-spirit; renewal; presence-of-god; surrender,modern; holy-spirit; prayer; renewal
Found In You,Vertical Worship,A,C,72,4/4,identity; grace; surrender; security-in-christ,modern; identity; grace; surrender
Open Up The Heavens,Vertical Worship,D,F,140,4/4,presence-of-god; praise; expectation; revival,modern; praise; expectation; service_opener
Your Love Never Fails,Jesus Culture,A,C,110,4/4,faithfulness; love-of-god; hope; perseverance,modern; faithfulness; love-of-god; joy
Holy Spirit Come,Jesus Culture,D,F,70,4/4,holy-spirit; presence-of-god; revival; prayer,modern; holy-spirit; prayer; revival
One Thing Remains,Jesus Culture,B,D,86,4/4,love-of-god; assurance; faithfulness; identity,modern; love-of-god; assurance; ccli_top
Stand In Your Love,Bethel Music,D,F,80,4/4,fear; courage; love-of-god; victory,modern; courage; faith; declaration
Living Waters,Gateway Worship,D,F,78,4/4,holy-spirit; thirst; renewal; presence-of-god,modern; holy-spirit; prayer; renewal
Firm Foundation (He Won't),Maverick City Music,C,E,77,4/4,trust; stability; faithfulness; perseverance,modern; trust; faithfulness; declaration
Christ Is Enough,Hillsong Worship,G,B,76,4/4,sufficiency-of-christ; surrender; discipleship; hope,modern; surrender; discipleship; christ_exalting
Here Again,Elevation Worship,B,D,68,4/4,presence-of-god; dependence; surrender; prayer,modern; presence-of-god; prayer; surrender
Be Still,Cody Carnes,D,F,70,4/4,peace; stillness; trust; presence-of-god,modern; peace; stillness; prayer
Simple Gospel,United Pursuit,D,F,66,4/4,gospel; simplicity; devotion; love-for-jesus,modern; gospel; devotion; intimate
God I Look To You,Bethel Music,G,B,71,4/4,guidance; dependence; trust; prayer,modern; guidance; prayer; dependence
I Will Trust In You,Lauren Daigle,F,A,74,4/4,trust; faithfulness; peace; perseverance,modern; trust; peace; pastoral
Though You Slay Me,Shane & Shane,C,E,68,4/4,suffering; trust; lament; faith,modern; lament; suffering; faith
Praise Before My Breakthrough,Bryan & Katie Torwalt,D,F,140,4/4,praise; faith; perseverance; victory,modern; praise; faith; declaration
Won't Stop Now,Elevation Worship,B,D,150,4/4,victory; faith; confidence; praise,modern; victory; celebration; faith
Victory Belongs To Jesus,Todd Dulaney,A,C,92,4/4,victory; jesus; faith; declaration,modern; victory; declaration; faith
God You're So Good,Passion,C,E,74,4/4,goodness-of-god; gratitude; worship; testimony,modern; gratitude; worship; testimony
Let Everything That Has Breath,Matt Redman,D,F,150,4/4,praise; joy; worship; celebration,modern; praise; celebration; service_opener
The Wonderful Cross,Chris Tomlin,G,B,70,4/4,cross; grace; atonement; worship,modern_hymn; cross; communion; holy_week
Christ Be Magnified,Cody Carnes,G,B,72,4/4,surrender; worship; glory-of-christ; humility,modern; surrender; christ_exalting; worship
Hungry,Kathryn Scott,D,F,68,4/4,hunger-for-god; presence-of-god; dependence; prayer,modern; prayer; presence-of-god; intimate
As The Deer,Modern Arrangement,D,F,72,4/4,thirst; devotion; worship; longing-for-god,classic; devotion; worship; thirst
Breathe,Marie Barnett,D,F,68,4/4,dependence; prayer; presence-of-god; intimacy,classic; prayer; intimacy; dependence
Waiting Here For You,Christy Nockels,D,F,70,4/4,presence-of-god; stillness; prayer; adoration,modern; presence-of-god; prayer; stillness
Still,Hillsong Worship,D,F,66,4/4,peace; trust; presence-of-god; hope,modern; peace; stillness; pastoral
I Need You More,Jesus Culture,D,F,70,4/4,dependence; surrender; prayer; intimacy,modern; prayer; dependence; intimate
Healer,Hillsong Worship,A,C,68,4/4,healing; faith; hope; prayer,modern; healing; prayer; pastoral
You Never Let Go,Matt Redman,B,D,120,4/4,faithfulness; perseverance; trust; joy,modern; faithfulness; joy; celebration
Ever Be,Bethel Music,G,B,74,4/4,faithfulness; praise; testimony; worship,modern; praise; faithfulness; testimony
Forever (We Sing Hallelujah),Bethel Music,G,B,68,4/4,resurrection; victory; worship; hope,modern; resurrection; easter; victory
God Is Able,Hillsong Worship,B,D,134,4/4,power-of-god; faith; hope; praise,modern; power-of-god; faith; celebration
Hosanna (Praise Is Rising),Paul Baloche,E,G,140,4/4,praise; adoration; welcome-of-jesus; celebration,modern; praise; service_opener; celebration
Refiner,Maverick City Music,A,C,74,4/4,sanctification; surrender; holiness; prayer,modern; sanctification; prayer; surrender
God Of Revival,Bethel Music,E,G,130,4/4,revival; holy-spirit; prayer; renewal,modern; revival; prayer; holy-spirit
He Will Hold Me Fast,Keith & Kristyn Getty,D,G,72,6/8,assurance; perseverance; grace; security,modern_hymn; assurance; perseverance; grace
Psalm 51 (Lord Have Mercy),Shane & Shane,D,G,70,4/4,repentance; confession; mercy; prayer,modern; confession; psalm; mercy
Holy Forever,Chris Tomlin,Db,E,72,4/4,holiness; heavenly_worship; adoration; eternity,modern; slow
Gratitude,Brandon Lake,B,D,78,4/4,gratitude; praise; testimony; adoration,modern; slow
Trust In God,Elevation Worship,C,Eb,74,4/4,trust; faithfulness; perseverance; confidence_in_god,modern; slow
Praise,Elevation Worship,A,C,127,4/4,praise; joy; adoration; call_to_worship,modern; upbeat
I Thank God,Maverick City Music & UPPERROOM,Db,E,130,4/4,testimony; salvation; freedom; joy,modern; upbeat
Who Else,Gateway Worship,Ab,C,68,4/4,holiness; gods_attributes; adoration; worthy_lamb,modern; slow
The Lord Will Provide,Passion,B,D,68,4/4,provision; trust; faithfulness; dependence,modern; slow
The Church,Bethel Music,Gb,Bb,69,4/4,church_and_unity; presence_of_god; prayer; revival,modern; slow
Mighty Name Of Jesus,The Belonging Co,Eb,G,72,4/4,spiritual_authority; prayer; victory; name_of_jesus,modern; slow
Christus Victor (Amen),Keith & Kristyn Getty,F,Ab,77,4/4,victory; cross; resurrection; gospel,modern; slow
I Know A Name,Elevation Worship,C,Eb,86,4/4,name_of_jesus; faith; healing; resurrection_power,modern
Oceans (Where Feet May Fail),Hillsong UNITED,D,F,63,4/4,trust; faith; surrender; presence_of_god,modern; slow
Here I Am To Worship,Tim Hughes,E,G,66,4/4,adoration; incarnation; surrender; worship,modern; slow
Forever Reign,Hillsong Worship,G,B,72,4/4,kingship_of_jesus; grace; hope; worship,modern; slow
The Stand,Hillsong UNITED,C,Eb,90,4/4,surrender; devotion; lordship_of_jesus; commitment,modern
I Surrender,Hillsong Worship,F,Ab,77,4/4,surrender; repentance; dependence; prayer,modern; slow
"Lord, I Lift Your Name on High",Rick Founds,G,Bb,112,4/4,praise; gospel_narrative; joy; exaltation,modern; upbeat
In the Secret,Sonicflood,E,G,70,4/4,intimacy; presence_of_god; devotion; prayer,modern; slow
Trading My Sorrows,Darrell Evans,E,G,120,4/4,joy; freedom; perseverance; praise,modern; upbeat
Better Is One Day,Matt Redman,A,C,120,4/4,presence_of_god; worship; desire_for_god; joy,modern; upbeat
All I Need Is You,Hillsong UNITED,C,Eb,70,4/4,dependence; grace; surrender; worship,modern; slow
Come Thou Fount,Traditional,D,F,84,4/4,grace; worship; gods_faithfulness; devotion,modern
Be Thou My Vision,Traditional,D,F,72,4/4,devotion; lordship_of_jesus; wisdom; worship,modern; slow
Great Is Thy Faithfulness,Traditional,D,F,90,4/4,faithfulness; providence; hope; praise,modern
It Is Well (traditional),Traditional,D,F,70,4/4,peace; suffering; trust; hope,modern; slow
It Is Well (modern arrangement),Bethel Music,D,F,68,4/4,peace; trust; hope; presence_of_god,modern; slow
Doxology (Praise God From Whom All Blessings Flow),Traditional,G,Bb,96,4/4,praise; trinity; benediction; adoration,modern
Blessed Assurance,Traditional,D,F,92,4/4,assurance; salvation; joy; confidence_in_christ,modern
Turn Your Eyes Upon Jesus,Traditional,D,F,72,4/4,gaze_on_jesus; hope; surrender; worship,modern; slow
All Creatures of Our God and King,Traditional,D,F,112,4/4,creation; praise; adoration; joy,modern; upbeat
Rock of Ages,Traditional,D,F,70,4/4,grace; atonement; refuge; trust,modern; slow
What a Friend We Have in Jesus,Traditional,D,F,90,4/4,prayer; comfort; friendship_with_jesus; trust,modern
O Holy Night,Traditional,C,Eb,68,4/4,incarnation; awe; christmas; worship,modern; slow
O Come All Ye Faithful,Traditional,G,Bb,100,4/4,incarnation; adoration; christmas; praise,modern
Hark! The Herald Angels Sing,Traditional,G,Bb,108,4/4,incarnation; good_news; christmas; praise,modern
Angels We Have Heard on High,Traditional,G,Bb,120,4/4,christmas; praise; good_news; joy,modern; upbeat
Joy to the World,Traditional,D,F,120,4/4,kingship_of_jesus; christmas; joy; praise,modern; upbeat
Doxology (Modern Arrangement),Modern Arrangement,D,F,72,4/4,doxology; trinity; praise; benediction,modern; slow
Come Thou Fount (Modern Arrangement),Modern Arrangement,C,Eb,74,4/4,grace; worship; gods_faithfulness; devotion,modern; slow
Be Thou My Vision (Modern Arrangement),Modern Arrangement,D,F,72,4/4,devotion; discipleship; lordship_of_jesus; worship,modern; slow
Great Is Thy Faithfulness (Modern Arrangement),Modern Arrangement,C,Eb,82,4/4,faithfulness; providence; hope; praise,modern
Blessed Assurance (Modern Arrangement),Modern Arrangement,D,F,84,4/4,assurance; salvation; joy; confidence_in_christ,modern
All Creatures of Our God and King (Modern Arrangement),Modern Arrangement,D,F,112,4/4,creation; praise; joy; adoration,modern; upbeat
O Come All Ye Faithful (Modern Arrangement),Modern Arrangement,G,Bb,96,4/4,incarnation; adoration; christmas; praise,modern
Joy to the World (Modern Arrangement),Modern Arrangement,D,F,120,4/4,kingship_of_jesus; joy; christmas; praise,modern; upbeat
I Speak Jesus,Charity Gayle,G,Bb,76,4/4,name_of_jesus; healing; freedom; spiritual_warfare,modern; slow
This Is Our God,Phil Wickham,B,D,78,4/4,gospel; testimony; salvation; praise,modern; slow
God So Loved,We The Kingdom,G,Bb,75,4/4,invitation; gospel; grace; salvation,modern; slow
The Joy,The Belonging Co,Db,E,150,4/4,joy; strength; praise; celebration,modern; upbeat
No One Like The Lord (We Crown You),Circuit Rider Music,D,F,72,4/4,worthy; jesus_enthroned; adoration; revelation,modern; slow
Our God Reigns (Over All The Earth),"Martin Smith, Kari Jobe & Cody Carnes",E,G,74,4/4,kingship; sovereignty; praise; hope,modern; slow
What An Awesome God,Phil Wickham,G,Bb,73,4/4,awe; praise; gods_greatness; worship,modern; slow
Wonderful Counselor,Pat Barrett,E,G,86,4/4,help; guidance; peace; trust,modern
The Gift We Bring,The Belonging Co,D,F,90,4/4,christmas; incarnation; praise; worship_offering,modern
Rejoice Again,Lakewood Music,B,D,151,4/4,joy; encouragement; hope; praise,modern; upbeat
What A Savior,Rock City Worship,Eb,Gb,71,4/4,christmas; incarnation; gospel; adoration,modern; slow
All This In A Name,Pat Barrett,C,Eb,150,4/4,name_of_jesus; authority; praise; deliverance,modern; upbeat
Our Response,Bella Taylor Smith,G,Bb,68,4/4,surrender; obedience; worship_response; devotion,modern; slow
Forever & Amen,Cody Carnes,A,C,84,4/4,faithfulness; trust; prayer; praise,modern
Garment Of Praise,Martin Smith,E,G,126,4/4,joy; freedom; praise; breakthrough,modern; upbeat
Undignified,Brooke Ligertwood & Passion,A,C,146,4/4,joy; freedom; worship; abandon,modern; upbeat
Praise The Lord Forever,Pat Barrett,G,Bb,105,4/4,praise; faithfulness; endurance; thanksgiving,modern
Hallelujah In The Hard Things,Bryan & Katie Torwalt,Ab,B,75,4/4,suffering; trust; perseverance; praise,modern; slow
Worship!,TAYA,C,Eb,138,4/4,adoration; awe; praise; jesus,modern; upbeat
Keep On Finding More,John Allan & Mack Brock,Db,E,172,4/4,gratitude; testimony; joy; gods_goodness,modern; upbeat
How Good It Is,Chris Tomlin,Ab,B,112,4/4,praise; gods_goodness; thanksgiving; scripture,modern; upbeat
Hallelujah Everyday,The Belonging Co,Db,E,153,4/4,praise; joy; daily_worship; gratitude,modern; upbeat
I Will Rise,Chris Tomlin,C,Eb,74,4/4,resurrection_hope; eternal_life; comfort; heaven,modern; slow
Your Grace Is Enough,Matt Maher,G,Bb,126,4/4,grace; faithfulness; joy; praise,modern; upbeat
Your Great Name,Natalie Grant,B,D,72,4/4,name_of_jesus; healing; deliverance; worship,modern; slow
From The Inside Out,Hillsong UNITED,D,F,69,4/4,surrender; holiness; heart_change; devotion,modern; slow
Lead Me To The Cross,Hillsong UNITED,A,C,72,4/4,cross; surrender; grace; dependence,modern; slow
Because He Lives (Amen),Matt Maher,A,C,94,4/4,resurrection; hope; victory; gospel,modern
It Is Well (Kristene DiMarco / Bethel Music),Bethel Music,D,F,68,4/4,peace; trust; suffering; surrender,modern; slow
Great I Am,New Life Worship,A,C,66,4/4,holiness; gods_presence; reverence; adoration,modern; slow
Today Is The Day,Lincoln Brewster,A,C,106,4/4,joy; celebration; freedom; praise,modern
Christ Is Risen,Matt Maher,D,F,86,4/4,resurrection; victory; hope; gospel,modern
Happy Day,Tim Hughes,B,D,138,4/4,joy; salvation; celebration; praise,modern; upbeat
How Marvelous (I Stand Amazed),Modern Arrangement,D,F,72,4/4,atonement; grace; cross; awe,modern; slow
Everlasting God,Brenton Brown,A,C,132,4/4,strength; trust; hope; gods_character,modern; upbeat
You Are Good,Israel Houghton,A,C,120,4/4,joy; thanksgiving; gods_goodness; praise,modern; upbeat
Crown Him (Majesty),Hillsong Worship,D,F,72,4/4,kingship_of_jesus; adoration; worthy; holiness,modern; slow
Noel,Chris Tomlin,D,F,72,4/4,christmas; incarnation; adoration; awe,modern; slow
O The Blood,Gateway Worship,Bb,Db,72,4/4,cross; atonement; forgiveness; grace,modern; slow
Worthy Is The Lamb,Hillsong Worship,A,C,68,4/4,worthy; jesus; adoration; revelation,modern; slow
Love The Lord,Lincoln Brewster,D,F,124,4/4,praise; joy; devotion; command_to_worship,modern; upbeat
Hark The Herald (with King Of Heaven),Bethel Music,D,F,82,4/4,christmas; incarnation; adoration; praise,modern
Your Name,Paul Baloche,A,C,102,4/4,name_of_jesus; praise; confidence; joy,modern
God Of This City,Bluetree,G,Bb,74,4/4,mission; revival; prayer; hope_for_the_city,modern; slow
Chain Breaker,Zach Williams,D,F,78,4/4,freedom; deliverance; hope; healing,modern; slow
Beautiful Things,Gungor,D,F,110,4/4,restoration; hope; redemption; renewal,modern
I Am Free,Newsboys,D,F,136,4/4,freedom; joy; praise; celebration,modern; upbeat
My Savior My God,Aaron Shust,D,F,74,4/4,devotion; worship; lordship_of_jesus; adoration,modern; slow
Resurrecting (Live),Elevation Worship,Bb,Db,74,4/4,resurrection; power_of_jesus; victory; hope,modern; slow
Even So Come,Passion,G,Bb,68,4/4,second_coming; hope; prayer; kingdom,modern; slow
Glory To God Forever,Fee,G,Bb,120,4/4,doxology; praise; gods_glory; thanksgiving,modern; upbeat
God Of Wonders,Third Day,A,C,100,4/4,creation; awe; holiness; praise,modern
Stronger,Hillsong Worship,E,G,130,4/4,resurrection; victory; cross; praise,modern; upbeat
Overcome,Jon Egan,B,D,76,4/4,victory; cross; resurrection; perseverance,modern; slow
Take My Life,Chris Tomlin,G,Bb,72,4/4,surrender; consecration; devotion; obedience,modern; slow
I Heard The Bells On Christmas Day,Casting Crowns,D,F,80,4/4,christmas; peace; hope; perseverance,modern
Emmanuel (Hallowed Manger Ground),Chris Tomlin,D,F,68,4/4,christmas; incarnation; adoration; awe,modern; slow
Gratitude,Brandon Lake,G,Bb,74,4/4,gratitude; praise; testimony; awe,modern; slow
Holy Forever,Chris Tomlin,D,F,70,4/4,holiness; worthy; heavenly_worship; adoration,modern; slow
I Thank God,Maverick City Music & UPPERROOM,B,D,106,4/4,testimony; freedom; joy; salvation,modern
Trust In God,Elevation Worship,A,C,74,4/4,trust; faithfulness; providence; perseverance,modern; slow
Oceans (Where Feet May Fail),Hillsong UNITED,D,F,63,4/4,faith; trust; holy_spirit; dependence,modern; slow
So Will I (100 Billion X),Hillsong UNITED,C,Eb,73,4/4,creation; awe; worship; surrender,modern; slow
Good Grace,Hillsong UNITED,G,Bb,90,4/4,grace; praise; gospel; joy,modern
God Turn It Around,Jon Reddick,G,Bb,74,4/4,hope; faith; breakthrough; prayer,modern; slow
Wait On You,Elevation Worship & Maverick City Music,A,C,80,4/4,waiting; trust; strength; hope,modern
Talking To Jesus,Elevation Worship,G,Bb,74,4/4,prayer; dependence; peace; relationship_with_god,modern; slow
Never Lost,Tauren Wells,B,D,78,4/4,victory; faith; miracles; hope,modern; slow
Rattle!,Elevation Worship,B,D,132,4/4,resurrection; faith; revival; hope,modern; upbeat
The Commission,CAIN,G,Bb,120,4/4,mission; gospel; sending; great_commission,modern; upbeat
I Speak Jesus,Charity Gayle,G,Bb,76,4/4,name_of_jesus; healing; freedom; spiritual_warfare,modern; slow
God So Loved,We The Kingdom,G,Bb,75,4/4,gospel; invitation; grace; salvation,modern; slow
Still The King,Commonly Performed,D,F,72,4/4,kingship_of_jesus; sovereignty; trust; praise,modern; slow
What An Awesome God,Phil Wickham,G,Bb,73,4/4,awe; praise; gods_greatness; adoration,modern; slow
No One Like The Lord,Circuit Rider Music,D,F,72,4/4,worthy; adoration; jesus_enthroned; revelation,modern; slow
Our God Reigns,Leonard E. Smith Jr.,G,Bb,92,4/4,kingship; sovereignty; hope; praise,modern
The Stand,Hillsong UNITED,G,Bb,78,4/4,surrender; devotion; discipleship; worship_response,modern; slow
Even If,MercyMe,G,Bb,80,4/4,trust; faith; suffering; perseverance,modern
Praise You In This Storm,Casting Crowns,D,F,78,4/4,suffering; trust; perseverance; lament,modern; slow
In The Secret,Andy Park,E,G,74,4/4,intimacy; prayer; devotion; presence_of_god,modern; slow
Come Now Is The Time To Worship,Brian Doerksen,E,G,66,4/4,call_to_worship; surrender; adoration; invitation,modern; slow
"Lord, I Lift Your Name On High",Rick Founds,G,Bb,92,4/4,praise; gospel; joy; jesus,modern
Here I Am To Worship,Tim Hughes,E,G,73,4/4,adoration; surrender; incarnation; worship_response,modern; slow
I Could Sing Of Your Love Forever,Delirious?,E,G,66,4/4,gods_love; devotion; praise; thanksgiving,modern; slow
We Fall Down,Chris Tomlin,D,F,72,4/4,humility; worship; holiness; prayer,modern; slow
Trading My Sorrows,Darrell Evans,A,C,102,4/4,joy; exchange; breakthrough; praise,modern
Shine Jesus Shine,Graham Kendrick,D,F,104,4/4,revival; light_of_christ; mission; praise,modern
All The Poor And Powerless,All Sons & Daughters,G,Bb,78,4/4,invitation; grace; gospel_welcome; worship,modern; slow
Christ Be All Around Me,All Sons & Daughters,E,G,80,4/4,presence_of_god; protection; devotion; prayer,modern
Amazing Love (You Are My King),Billy Foote,G,Bb,82,4/4,cross; grace; forgiveness; adoration,modern
Come Thou Fount,Traditional Hymn,C,Eb,74,4/4,grace; gods_faithfulness; devotion; repentance,modern; slow
Be Thou My Vision,Traditional Hymn,D,F,72,4/4,devotion; discipleship; treasure; lordship_of_jesus,modern; slow
Great Is Thy Faithfulness,Traditional Hymn,C,Eb,84,4/4,faithfulness; mercy; providence; hope,modern
Doxology,Traditional Hymn,D,F,72,4/4,doxology; trinity; praise; benediction,modern; slow
"Holy, Holy, Holy",Traditional Hymn,D,F,72,4/4,holiness; trinity; adoration; reverence,modern; slow
Turn Your Eyes Upon Jesus,Traditional Hymn,C,Eb,68,4/4,fixing_our_eyes; hope; devotion; peace,modern; slow
The King Is In The Room,Phil Wickham,D,F,72,4/4,presence_of_god; kingship_of_jesus; adoration; awe,modern; slow
Song Of The Saints,People & Songs,G,Bb,88,4/4,worship; testimony; perseverance; praise,modern
Victory In Jesus (Christ Won The Victory),Modern Arrangement,D,F,104,4/4,victory; gospel; salvation; praise,modern
Cry Out,Commonly Performed,G,Bb,124,4/4,praise; joy; call_to_worship; freedom,modern; upbeat
Come To Jesus,Chris Rice,C,Eb,70,4/4,invitation; grace; salvation; rest,modern; slow
He Who Is To Come,Passion,G,Bb,72,4/4,second_coming; hope; kingdom; adoration,modern; slow
Somebody Prayed,Crowder,G,Bb,92,4/4,prayer; testimony; faith; providence,modern
Holy Forever (Christmas),Chris Tomlin,D,F,70,4/4,christmas; holiness; worthy; adoration,modern; slow
O Holy Night / Holy Forever,Medley,D,F,68,4/4,christmas; incarnation; holiness; adoration,modern; slow
The Joy / Joy To The World,Medley,D,F,120,4/4,christmas; joy; praise; celebration,modern; upbeat
O Come All Ye Faithful (His Name Shall Be),Modern Arrangement,D,F,84,4/4,christmas; incarnation; adoration; jesus,modern
Angels (Glory To God),Chris Tomlin,D,F,108,4/4,christmas; angels; good_news; praise,modern
Joy To The World (Joyful Joyful),Medley,D,F,120,4/4,christmas; joy; praise; celebration,modern; upbeat
What He's Done,Passion,D,F,126,4/4,gospel; cross; resurrection; praise,modern; upbeat
He Is,Crowder,G,Bb,92,4/4,jesus; worthy; adoration; confession,modern
I'm Not Alone,Kari Jobe,G,Bb,72,4/4,presence_of_god; comfort; peace; trust,modern; slow
Honey In The Rock,Brooke Ligertwood,A,C,80,4/4,provision; trust; faithfulness; testimony,modern
Same Jesus,Elevation Worship,A,C,74,4/4,faithfulness; jesus; hope; trust,modern; slow
Christ Our Hope In Life And Death,Getty Music,D,F,88,4/4,hope; gospel; assurance; perseverance,modern
All Glory Be To Christ,Kings Kaleidoscope,C,Eb,96,4/4,doxology; grace; jesus; sovereignty,modern
Jesus Thank You,Sovereign Grace Music,E,G,70,4/4,cross; gratitude; gospel; communion,modern; slow
There Is One Gospel,Getty Music,D,F,84,4/4,gospel; unity; cross; resurrection,modern
Ancient Of Days,CityAlight,D,F,70,4/4,sovereignty; endurance; hope; kingdom,modern; slow
Speak O Lord,Getty Music,D,F,72,4/4,word_of_god; formation; surrender; prayer,modern; slow
Come People Of The Risen King,Getty Music,D,F,104,4/4,call_to_worship; resurrection; joy; unity,modern
The Lord Our God,Passion,G,Bb,72,4/4,faithfulness; holiness; sovereignty; praise,modern; slow
All Hail The Power Of Jesus' Name,Traditional Hymn,D,F,88,4/4,name_of_jesus; kingship; worthy; adoration,modern
Before The Throne Of God Above,Traditional Hymn,D,F,72,4/4,atonement; assurance; intercession; gospel,modern; slow
Jesus Loves Me,Traditional,G,Bb,76,4/4,love_of_god; assurance; children; gospel_simplicity,modern; slow
Jesus Loves The Little Children,Traditional,G,Bb,92,4/4,children; welcome; kingdom; love_of_jesus,modern
O God Beyond All Praising,Traditional,D,F,92,4/4,doxology; adoration; awe; thanksgiving,modern
And Can It Be,Traditional,D,F,88,4/4,grace; atonement; wonder; salvation,modern
How Firm A Foundation,Traditional,D,F,84,4/4,faithfulness; security; promises_of_god; endurance,modern
Be Still My Soul,Traditional,D,F,68,4/4,peace; trust; suffering; providence,modern; slow
The Solid Rock,Traditional,D,F,88,4/4,assurance; jesus; hope; foundation,modern
His Eye Is On The Sparrow,Traditional,G,Bb,72,4/4,providence; comfort; peace; trust,modern; slow
Tis So Sweet To Trust In Jesus,Traditional,D,F,74,4/4,trust; peace; faith; assurance,modern; slow
I Need Thee Every Hour,Traditional,C,Eb,72,4/4,dependence; prayer; need; grace,modern; slow
Guide Me O Thou Great Jehovah,Traditional,D,F,92,4/4,guidance; pilgrimage; providence; faithfulness,modern
It Is Well,Kristene DiMarco & Bethel Music,D,F,72,4/4,peace; trust; suffering; surrender,modern; slow
Shout To The North,Hillsong Worship,G,Bb,124,4/4,joy; gospel_invitation; praise; encouragement,modern; upbeat
Lord I Give You My Heart,Hillsong Worship,E,G,72,4/4,surrender; devotion; prayer; worship_response,modern; slow
Jesus Lover Of My Soul,Hillsong Worship,E,G,70,4/4,intimacy; refuge; devotion; trust,modern; slow
The Power Of Your Love,Geoff Bullock,E,G,72,4/4,surrender; formation; prayer; holiness,modern; slow
Days Of Elijah,Robin Mark,G,Bb,132,4/4,praise; hope; kingdom; declaration,modern; upbeat
A New Hallelujah,Michael W. Smith,G,Bb,124,4/4,praise; revival; joy; declaration,modern; upbeat
Resurrecting,Elevation Worship,B,D,74,4/4,resurrection; hope; victory; gospel,modern; slow
Abide With Me,Traditional,D,F,66,4/4,presence_of_god; suffering; comfort; perseverance,modern; slow
Bless God,Brooks & Dunn,G,Bb,96,4/4,gratitude; praise; testimony; faithfulness,modern
Abandoned,Benny Hester,E,G,98,4/4,surrender; devotion; worship; joy,modern
Love of God,MercyMe,G,Bb,72,4/4,love_of_god; grace; assurance; gospel,modern; slow
Trust And Obey,Traditional Hymn,D,F,88,4/4,obedience; discipleship; trust; faithfulness,modern
So So Good,Maverick City Music,G,Bb,74,4/4,goodness_of_god; gratitude; testimony; praise,modern; slow
Let It Be A Hallelujah,Josh Wilson,G,Bb,92,4/4,praise; suffering; trust; declaration,modern
Oh My Soul (Psalm 103),Chris Tomlin,G,Bb,92,4/4,psalm_103; gratitude; praise; remembrance,modern
That's My King,CeCe Winans,A,C,90,4/4,kingship_of_jesus; worthy; praise; testimony,modern
"10,000 Armies",Commonly Performed,A,C,128,4/4,victory; spiritual_warfare; trust; declaration,modern; upbeat
Can't Stop Praisin',Elevation Rhythm,A,C,140,4/4,praise; joy; celebration; testimony,modern; upbeat
I Believe,Phil Wickham,D,F,96,4/4,creed; faith; confession; gospel,modern
New Thing Coming,Commonly Performed,A,C,124,4/4,renewal; hope; faith; declaration,modern; upbeat
The Jesus Way,Phil Wickham,G,Bb,94,4/4,discipleship; kingdom; following_jesus; obedience,modern
The Blood,Kari Jobe,D,F,70,4/4,cross; redemption; forgiveness; grace,modern; slow
Goodbye Yesterday,Elevation Worship,A,C,126,4/4,freedom; new_life; testimony; joy,modern; upbeat
As For Me And My House,Commonly Performed,G,Bb,94,4/4,family; commitment; worship; covenant,modern
Counting My Blessings,Seph Schlueter,G,Bb,92,4/4,gratitude; testimony; praise; remembrance,modern
Kingdom,Commonly Performed,A,C,96,4/4,kingdom_of_god; mission; obedience; prayer,modern
I've Got Joy,Commonly Performed,G,Bb,132,4/4,joy; testimony; praise; freedom,modern; upbeat
Sevens,Maverick City Music,A,C,88,4/4,worship; awe; holiness; praise,modern
People of Heaven,Hillsong Worship,D,F,124,4/4,resurrection; hope; kingdom; joy,modern; upbeat
The First Hymn,Phos,D,F,70,4/4,ancient_church; jesus; worthy; doxology,modern; slow
That's Who I Praise,Brandon Lake,G,Bb,128,4/4,praise; testimony; joy; declaration,modern; upbeat
The Father's House,Cory Asbury,D,F,96,4/4,prodigal; grace; homecoming; freedom,modern
Evidence,Josh Baldwin,G,Bb,92,4/4,testimony; faithfulness; gratitude; hope,modern
My Testimony,Elevation Worship,B,D,126,4/4,testimony; victory; resurrection; praise,modern; upbeat
Champion,Bethel Music,B,D,74,4/4,victory; kingship_of_jesus; spiritual_warfare; hope,modern; slow
Surrounded (Fight My Battles),Upperroom,B,D,72,4/4,spiritual_warfare; trust; victory; praise,modern; slow
Yes And Amen,Housefires,G,Bb,92,4/4,promises_of_god; faithfulness; trust; worship_response,modern
Same Power,Jeremy Camp,D,F,124,4/4,resurrection_power; holy_spirit; victory; faith,modern; upbeat
God Of The Promise,Everlasting Arms,G,Bb,96,4/4,promises_of_god; faithfulness; trust; hope,modern
Touch Of Heaven,Hillsong Worship,E,G,70,4/4,presence_of_god; prayer; renewal; worship,modern; slow
Broken Vessels (Amazing Grace),Hillsong Worship,D,F,74,4/4,grace; healing; restoration; surrender,modern; slow
Spirit Break Out,Kim Walker-Smith,D,F,88,4/4,holy_spirit; revival; presence_of_god; prayer,modern
Never Walk Alone,Hillsong Worship,D,F,92,4/4,comfort; presence_of_god; hope; faithfulness,modern
Come To The Table,Sidewalk Prophets,G,Bb,90,4/4,invitation; grace; belonging; gospel,modern
In Jesus Name (God Of Possible),Katy Nichole,G,Bb,94,4/4,prayer; miracles; faith; hope,modern
Wonderful Merciful Savior,Selah,D,F,72,4/4,mercy; grace; jesus; adoration,modern; slow
Rescue,Lauren Daigle,G,Bb,72,4/4,comfort; hope; love_of_god; presence_of_god,modern; slow
Lord Send Revival,Hillsong Young & Free,B,D,130,4/4,revival; holy_spirit; prayer; mission,modern; upbeat
Worthy Is Your Name,Passion,D,F,72,4/4,worthy; name_of_jesus; adoration; praise,modern; slow
Be Enthroned,Bethel Music,E,G,70,4/4,kingship_of_jesus; worship; adoration; presence_of_god,modern; slow
Holy Ground,Passion,E,G,74,4/4,holiness; presence_of_god; awe; worship,modern; slow
Come Holy Spirit,Passion,E,G,72,4/4,holy_spirit; prayer; presence_of_god; renewal,modern; slow
"Jesus, Name Above All Names",Naida Hearn,D,F,70,4/4,name_of_jesus; worship; adoration; jesus,modern; slow
I Exalt Thee,Pete Sanchez Jr.,D,F,68,4/4,exaltation; adoration; worship; gods_glory,modern; slow
I Worship You Almighty God,Sondra Corbett,D,F,66,4/4,worship; adoration; holiness; awe,modern; slow
Only A Holy God,CityAlight,D,F,88,4/4,holiness; awe; worthy; adoration,modern
"Goodness, Love And Mercy",Chris Tomlin,G,Bb,92,4/4,mercy; goodness_of_god; testimony; grace,modern
Christ and Christ Crucified,Lindsey Williams,D,F,70,4/4,cross; gospel; jesus; surrender,modern; slow
"Jesus, Only Jesus",Vertical Worship,D,F,90,4/4,jesus; worthy; adoration; christ_alone,modern
Come Alive (Dry Bones),Lauren Daigle,G,Bb,126,4/4,renewal; resurrection_power; hope; holy_spirit,modern; upbeat
Miracles,Chris McClarney,A,C,92,4/4,miracles; faith; hope; trust,modern
Nothing Is Impossible,Planetshakers,A,C,136,4/4,faith; victory; miracles; praise,modern; upbeat
King of Glory,Third Day,G,Bb,96,4/4,kingship_of_jesus; glory; praise; adoration,modern
Everlasting Arms,Traditional Hymn,D,F,88,4/4,assurance; comfort; faithfulness; trust,modern
Beautiful Savior,Stuart Townend,D,F,84,4/4,jesus; adoration; worthy; christ_alone,modern
Behold the King,Hillsong Worship,E,G,72,4/4,kingship_of_jesus; worthy; adoration; praise,modern; slow
God of All My Days,Casting Crowns,G,Bb,92,4/4,faithfulness; providence; trust; surrender,modern
Sing Wherever I Go,We The Kingdom,G,Bb,124,4/4,joy; praise; testimony; everyday_worship,modern; upbeat
Sing Sing Sing,Chris Tomlin,A,C,140,4/4,praise; joy; celebration; testimony,modern; upbeat
Unfailing Love,Chris Tomlin,G,Bb,96,4/4,love_of_god; faithfulness; grace; worship,modern
Made To Worship,Chris Tomlin,G,Bb,92,4/4,worship; identity; creation; devotion,modern
Famous One,Chris Tomlin,A,C,132,4/4,name_of_jesus; praise; glory; worship,modern; upbeat
God With Us,MercyMe,D,F,72,4/4,incarnation; emmanuel; christmas; hope,modern; slow
Emmanuel,Traditional Hymn,D,F,70,4/4,incarnation; advent; christmas; hope,modern; slow
"Forever And Ever, Amen",Randy Travis,G,Bb,104,4/4,commitment; faithfulness; marriage; testimony,modern
Jesus At The Center,Israel Houghton,C,Eb,70,4/4,jesus; surrender; christcentered; worship,modern; slow
Our God Saves,Paul Baloche,A,C,126,4/4,salvation; praise; gospel; declaration,modern; upbeat
All The Earth Will Sing Your Praises,Paul Baloche,G,Bb,128,4/4,praise; nations; glory; mission,modern; upbeat
Above All,Michael W. Smith,G,Bb,72,4/4,jesus; cross; worthy; humility,modern; slow
Amazed (I Stand Amazed),Chris Tomlin,G,Bb,90,4/4,grace; cross; worthy; awe,modern
Lord Reign In Me,Brenton Brown,A,C,124,4/4,surrender; kingship_of_jesus; obedience; worship,modern; upbeat
Give Us Clean Hands,Chris Tomlin,D,F,70,4/4,repentance; holiness; prayer; surrender,modern; slow
All Who Are Thirsty,Brenton Brown,G,Bb,92,4/4,invitation; living_water; grace; worship,modern
Here Is Our King,David Crowder Band,A,C,104,4/4,kingship_of_jesus; praise; worship; declaration,modern
At Your Name,Phil Wickham,B,D,128,4/4,name_of_jesus; worthy; praise; power,modern; upbeat
Savior King,Hillsong Worship,E,G,70,4/4,cross; grace; jesus; worthy,modern; slow
Came To My Rescue,Hillsong United,D,F,96,4/4,salvation; testimony; grace; praise,modern
You Are My World,Hillsong Worship,E,G,70,4/4,devotion; surrender; jesus; worship,modern; slow
Hosanna (Paul Baloche),Paul Baloche,E,G,92,4/4,hosanna; praise; kingship_of_jesus; adoration,modern
I'm Coming Back To The Heart Of Worship,Matt Redman,D,F,72,4/4,worship; repentance; surrender; devotion,modern; slow
Great Is The Lord,Michael W. Smith,D,F,92,4/4,praise; greatness_of_god; worship; adoration,modern
Open Up The Gates,Vertical Worship,B,D,128,4/4,praise; welcome; kingship_of_jesus; joy,modern; upbeat
Blessed Assurance (My Chains Are Gone),Chris Tomlin,G,Bb,72,4/4,assurance; grace; freedom; redemption,modern; slow
Come Thou Long Expected Jesus,Traditional Hymn,D,F,70,4/4,advent; incarnation; hope; messiah,modern; slow
O Come O Come Emmanuel,Traditional Hymn,E,G,68,4/4,advent; emmanuel; hope; longing,modern; slow
Silent Night,Traditional Hymn,D,F,68,4/4,christmas; incarnation; peace; adoration,modern; slow
Away In A Manger,Traditional Hymn,C,Eb,76,4/4,christmas; incarnation; humility; adoration,modern; slow
O Little Town Of Bethlehem,Traditional Hymn,D,F,72,4/4,christmas; incarnation; hope; adoration,modern; slow
What Child Is This,Traditional Hymn,E,G,68,4/4,christmas; incarnation; kingship_of_jesus; wonder,modern; slow
Mary Did You Know,Mark Lowry,D,F,66,4/4,christmas; incarnation; wonder; jesus,modern; slow
We Three Kings,Traditional Hymn,E,G,92,4/4,epiphany; kingship_of_jesus; worship; christmas,modern
Carol Of The Bells,Traditional Carol,E,G,152,4/4,christmas; joy; celebration; proclamation,modern; upbeat
Angels From The Realms Of Glory,Traditional Hymn,D,F,92,4/4,christmas; angels; worship; incarnation,modern
Good Christian Men Rejoice,Traditional Carol,E,G,132,4/4,christmas; joy; proclamation; good_news,modern; upbeat
In The Bleak Midwinter,Traditional Hymn,D,F,66,4/4,christmas; incarnation; wonder; devotion,modern; slow
God Rest Ye Merry Gentlemen,Traditional Carol,Em,Gm,92,4/4,christmas; gospel; joy; good_news,modern
Joyful Joyful We Adore Thee,Traditional Hymn,D,F,124,4/4,praise; joy; adoration; creation,modern; upbeat
"Jesus, Joy Of Man's Desiring",Johann Sebastian Bach,G,Bb,68,4/4,jesus; devotion; peace; adoration,modern; slow
"Worthy, Worthy, Worthy",Traditional Hymn,D,F,72,4/4,worthy; adoration; praise; holiness,modern; slow
All Hail The Power Of Jesus' Name (modern arrangement),Traditional Hymn,D,F,92,4/4,name_of_jesus; worthy; kingship_of_jesus; praise,modern
Crown Him With Many Crowns,Traditional Hymn,D,F,92,4/4,kingship_of_jesus; worthy; praise; resurrection,modern
Blessed Be The Tie That Binds,Traditional Hymn,C,Eb,74,4/4,unity; church; community; love,modern; slow
I Surrender All,Traditional Hymn,D,F,70,4/4,surrender; consecration; devotion; repentance,modern; slow
Nothing But The Blood (modern arrangement),Traditional Hymn,G,Bb,96,4/4,cross; atonement; redemption; grace,modern
Rock Of Ages (modern arrangement),Traditional Hymn,D,F,72,4/4,grace; refuge; cross; salvation,modern; slow
How Great Thou Art (modern arrangement),Traditional Hymn,G,Bb,72,4/4,greatness_of_god; awe; creation; praise,modern; slow
Come To The Table (Crowder),Crowder,G,Bb,94,4/4,invitation; grace; communion; belonging,modern
All My Hope Is In Jesus,Traditional Gospel,G,Bb,92,4/4,hope; salvation; testimony; grace,modern
Heaven Come Down,Kari Jobe,E,G,70,4/4,presence_of_god; holy_spirit; prayer; worship,modern; slow
The Lord's Prayer (It's Yours),Matt Maher,E,G,84,4/4,prayer; kingdom; surrender; worship,modern
"Jesus, Only Jesus",Vertical Worship,D,F,90,4/4,jesus; worthy; adoration; christ_alone,modern
Come Alive (Dry Bones),Lauren Daigle,G,Bb,126,4/4,renewal; resurrection_power; hope; holy_spirit,modern; upbeat
Miracles,Chris McClarney,A,C,92,4/4,miracles; faith; hope; trust,modern
Nothing Is Impossible,Planetshakers,A,C,136,4/4,faith; victory; miracles; praise,modern; upbeat
King of Glory,Third Day,G,Bb,96,4/4,kingship_of_jesus; glory; praise; adoration,modern
How Great Thou Art (modern arrangement),Traditional Hymn,G,Bb,72,4/4,greatness_of_god; awe; creation; praise,modern; slow
Come To The Table (Crowder),Crowder,G,Bb,94,4/4,invitation; grace; communion; belonging,modern
All My Hope Is In Jesus,Traditional Gospel,G,Bb,92,4/4,hope; salvation; testimony; grace,modern
Heaven Come Down,Kari Jobe,E,G,70,4/4,presence_of_god; holy_spirit; prayer; worship,modern; slow
The Lord's Prayer (It's Yours),Matt Maher,E,G,84,4/4,prayer; kingdom; surrender; worship,modern
Healer,Kari Jobe,D,F,70,4/4,healing; faith; trust; prayer,slow; modern
Speak Life,Kari Jobe,G,Bb,96,4/4,hope; encouragement; faith; words,medium; modern
Beautiful,Kari Jobe,C,Eb,68,4/4,jesus; adoration; worthy; awe,slow; modern
Forever,Kari Jobe,G,Bb,72,4/4,resurrection; cross; gospel; victory,slow; modern
No Sweeter Name,Kari Jobe,D,F,70,4/4,name-of-jesus; adoration; worthy; devotion,slow; modern
I'm Singing,Kari Jobe,A,C,128,4/4,joy; praise; testimony; freedom,fast; modern
Everyone Needs A Savior,Kari Jobe,G,Bb,96,4/4,salvation; gospel; grace; invitation,medium; modern
Pure,Kari Jobe,D,F,68,4/4,holiness; surrender; purity; prayer,slow; modern
You Are For Me,Kari Jobe,G,Bb,92,4/4,grace; assurance; love-of-god; identity,medium; modern
We Are,Kari Jobe,A,C,98,4/4,identity; church; mission; unity,medium; modern
Steady My Heart,Kari Jobe,C,Eb,68,4/4,peace; trust; anxiety; prayer,slow; modern
Find You On My Knees,Kari Jobe,D,F,70,4/4,prayer; dependence; surrender; trust,slow; modern
Here,Kari Jobe,C,Eb,66,4/4,presence-of-god; comfort; peace; prayer,slow; modern
What Love Is This,Kari Jobe,D,F,70,4/4,love-of-god; cross; grace; awe,slow; modern
I Won't Let Go,Kari Jobe,C,Eb,68,4/4,perseverance; trust; faith; hope,slow; modern
Come Alive,Kari Jobe,A,C,92,4/4,renewal; holy-spirit; hope; faith,medium; modern
Stars In The Night,Kari Jobe,G,Bb,90,4/4,hope; faithfulness; wonder; trust,medium; modern
Why Me,Kari Jobe,C,Eb,66,4/4,grace; humility; wonder; salvation,slow; modern
Slow,Kari Jobe,D,F,64,4/4,rest; presence-of-god; sabbath; peace,slow; modern
Forever (Live),Kari Jobe,G,Bb,72,4/4,resurrection; cross; gospel; victory,slow; modern
Let The Heavens Open,Kari Jobe,E,G,86,4/4,presence-of-god; prayer; holy-spirit; revival,medium; modern
Hands To The Heavens,Kari Jobe,D,F,72,4/4,surrender; worship; presence-of-god; adoration,slow; modern
How Majestic,Kari Jobe,G,Bb,92,4/4,majesty; praise; name-of-jesus; awe,medium; modern
Holy Spirit,Kari Jobe,A,C,74,4/4,holy-spirit; presence-of-god; prayer; worship,slow; modern
Only Your Love,Kari Jobe,D,F,70,4/4,love-of-god; grace; devotion; trust,slow; modern
Our God Reigns,Kari Jobe,G,Bb,96,4/4,kingship-of-jesus; victory; praise; hope,medium; modern
Lover Of My Soul,Kari Jobe,C,Eb,68,4/4,devotion; love-of-god; intimacy; worship,slow; modern
Heaven Invade,Kari Jobe,E,G,84,4/4,presence-of-god; prayer; revival; holy-spirit,medium; modern
Forever (Revisited),Kari Jobe,G,Bb,72,4/4,resurrection; cross; gospel; victory,slow; modern
Let The Heavens Open (Revisited),Kari Jobe,E,G,86,4/4,presence-of-god; prayer; holy-spirit; revival,medium; modern
Holy Spirit (Revisited),Kari Jobe,A,C,74,4/4,holy-spirit; presence-of-god; prayer; worship,slow; modern
I Am Not Alone (Revisited),Kari Jobe,E,G,78,4/4,comfort; presence-of-god; fear; peace,medium; modern
The Garden,Kari Jobe,E,G,70,4/4,prayer; surrender; trust; jesus,slow; modern
Let Your Glory Fall,Kari Jobe,D,F,72,4/4,glory-of-god; presence-of-god; prayer; revival,slow; modern
Lover Of My Soul (Studio),Kari Jobe,C,Eb,68,4/4,devotion; love-of-god; intimacy; worship,slow; modern
Speak To Me,Kari Jobe,D,F,66,4/4,hearing-god; prayer; presence-of-god; guidance,slow; modern
Fall,Kari Jobe,E,G,68,4/4,surrender; repentance; presence-of-god; worship,slow; modern
Heal Our Land,Kari Jobe,D,F,72,4/4,repentance; prayer; revival; intercession,slow; modern
I Am Not Alone (Studio),Kari Jobe,E,G,78,4/4,comfort; presence-of-god; fear; peace,medium; modern
Oh The Power,Kari Jobe,D,F,90,4/4,power-of-god; holy-spirit; faith; victory,medium; modern
Closing Song,Kari Jobe,C,Eb,66,4/4,surrender; peace; trust; prayer,slow; modern
Heaven Invade (Studio),Kari Jobe,E,G,84,4/4,presence-of-god; prayer; revival; holy-spirit,medium; modern
Embers,Kari Jobe,D,F,68,4/4,renewal; hope; prayer; faith,slow; modern
Obsession,Kari Jobe,E,G,70,4/4,devotion; first-love; desire-for-god; surrender,slow; modern
First Love,Kari Jobe,E,G,68,4/4,devotion; repentance; first-love; renewal,slow; modern
Let The Light In,Kari Jobe,D,F,88,4/4,light; hope; freedom; presence-of-god,medium; modern
Your Nature,Kari Jobe,C,Eb,70,4/4,character-of-god; grace; trust; love-of-god,slow; modern
Forever & Amen,Kari Jobe,G,Bb,86,4/4,faithfulness-of-god; praise; trust; worship,medium; modern
Take It All Back,Kari Jobe,E,G,132,4/4,victory; spiritual-warfare; authority-in-jesus; freedom,fast; modern
Cover The Earth,Kari Jobe & Cody Carnes,D,F,92,4/4,glory-of-god; mission; kingdom; worship,medium; modern
Let It Be Glory,Kari Jobe,C,Eb,70,4/4,glory-of-god; surrender; worship; humility,slow; modern
Who Can Compare,Kari Jobe,G,Bb,94,4/4,greatness-of-god; praise; majesty; awe,medium; modern
The Cause Of Christ,Kari Jobe & Cody Carnes,D,F,84,4/4,mission; gospel; discipleship; surrender,medium; modern
Holy Spirit (Radio Version),Kari Jobe,A,C,74,4/4,holy-spirit; presence-of-god; prayer; worship,slow; modern
The Blessing (Elevation Worship / Kari Jobe / Cody Carnes),"Elevation Worship, Kari Jobe & Cody Carnes",A,C,74,4/4,blessing; presence-of-god; family; promise,slow; modern
Praise Before My Breakthrough,Bryan & Katie Torwalt (feat. Kari Jobe),E,G,128,4/4,praise; faith; perseverance; victory,fast; modern
I Will Exalt (Live),Kari Jobe,D,F,86,4/4,exaltation; praise; majesty; worship,medium; modern
Head to the Heart,United Pursuit,G,Bb,72,4/4,intimacy; presence-of-god; surrender; prayer,slow; modern
Your Love Changes Everything,United Pursuit,E,G,96,4/4,love-of-god; transformation; grace; testimony,medium; modern
Met by Love,United Pursuit,D,F,74,4/4,love-of-god; presence-of-god; healing; encounter,slow; modern
You're All Around Me,United Pursuit,C,Eb,68,4/4,presence-of-god; comfort; peace; trust,slow; modern
Let It Happen,United Pursuit,D,F,84,4/4,surrender; holy-spirit; revival; prayer,medium; modern
Seasons Change,United Pursuit,E,G,72,4/4,faithfulness-of-god; trust; hope; perseverance,slow; modern
Since Your Love,United Pursuit,G,Bb,98,4/4,grace; transformation; testimony; joy,medium; modern
Never Going Back,United Pursuit,A,C,104,4/4,repentance; freedom; discipleship; new-life,medium; modern
Hidden,United Pursuit,C,Eb,66,4/4,secret-place; presence-of-god; intimacy; trust,slow; modern
Love,United Pursuit,D,F,70,4/4,love-of-god; adoration; grace; worship,slow; modern
One,United Pursuit,G,Bb,92,4/4,unity; jesus; church; worship,medium; modern
Rest,United Pursuit,C,Eb,66,4/4,rest; peace; trust; presence-of-god,slow; modern
Home,United Pursuit,D,F,70,4/4,belonging; presence-of-god; identity; comfort,slow; modern
Garden,United Pursuit,E,G,68,4/4,surrender; prayer; trust; presence-of-god,slow; modern
Nothing Without You,United Pursuit,D,F,70,4/4,dependence; jesus; surrender; worship,slow; modern
Take a Moment,United Pursuit,C,Eb,66,4/4,stillness; presence-of-god; prayer; reflection,slow; modern
Running in Circles,United Pursuit,E,G,88,4/4,freedom; surrender; trust; transformation,medium; modern
Set a Fire,United Pursuit,E,G,84,4/4,revival; holy-spirit; desire-for-god; surrender,medium; modern
Not in a Hurry,United Pursuit,D,F,62,4/4,stillness; presence-of-god; rest; abiding,slow; modern
Lay It All Down,United Pursuit,D,F,70,4/4,surrender; repentance; trust; worship,slow; modern
Nothing I Hold Onto,United Pursuit,C,Eb,66,4/4,surrender; dependence; trust; grace,slow; modern
You Are My Joy,United Pursuit,G,Bb,96,4/4,joy; presence-of-god; delight; worship,medium; modern
Feeling Low,United Pursuit,D,F,68,4/4,lament; honesty; trust; hope,slow; modern
Need You More,United Pursuit,E,G,70,4/4,dependence; prayer; surrender; presence-of-god,slow; modern
Be Still,United Pursuit,C,Eb,64,4/4,stillness; peace; trust; presence-of-god,slow; modern
Oh How We Love You,United Pursuit,D,F,70,4/4,adoration; love-of-god; devotion; worship,slow; modern
What A Miracle,Elevation Worship,E,G,92,4/4,miracles; gods_power; praise; thanksgiving,miracles; gods_power; praise
Sure Been Good,Elevation Worship,D,F,98,4/4,gratitude; goodness_of_god; praise; testimony,gratitude; goodness_of_god; praise
Faithful Then / Faithful Now,Elevation Worship,G,Bb,78,4/4,faithfulness_of_god; testimony; praise; gods_provision,faithfulness_of_god; testimony; praise
God Is Not Against Me,Elevation Worship,G,A,100,4/4,victory; assurance; faith; gods_favor,victory; assurance; faith
Owe You Praise,Elevation Worship,A,C,94,4/4,praise; gods_worth; adoration; testimony,praise; gods_worth; adoration
When Wind Meets Fire,Elevation Worship,D,F,98,4/4,holy_spirit; revival; presence_of_god; transformation,holy_spirit; revival; presence_of_god
Another Stone,Elevation Worship,D,F,96,4/4,building; kingdom; faith; hope,building; kingdom; faith
Always On Time,Elevation Worship,G,Bb,92,4/4,faithfulness_of_god; trust; timeliness; dependence,faithfulness_of_god; trust; timeliness
Yahweh We You,Elevation Worship,D,F,72,4/4,worship; adoration; gods_glory; surrender,worship; adoration; gods_glory
Another One,Elevation Worship,D,F,94,4/4,gods_power; revival; worship; hope,gods_power; revival; worship
Ive Got Good News,Elevation Worship,C,Eb,130,4/4,gospel; good_news; testimony; praise,gospel; good_news; testimony
Youve Got A Name,Elevation Worship,E,G,90,4/4,jesus; identity; worship; exaltation,jesus; identity; worship
Jesus Be The Name,Elevation Worship,D,F,110,4/4,jesus; worship; exaltation; gods_glory,jesus; worship; exaltation
God Im Just Grateful,Elevation Worship,G,A,74,4/4,gratitude; worship; gods_faithfulness; thanksgiving,gratitude; worship; gods_faithfulness
Yahweh We Love You,Elevation Worship,A,C,68,4/4,adoration; worship; gods_glory; love,adoration; worship; gods_glory
CAN YOU IMAGINE?,Elevation Worship,C,Eb,106,4/4,gods_glory; praise; exaltation; adoration,gods_glory; praise; exaltation
Jehovah,Elevation Worship,D,F,98,4/4,gods_names; worship; praise; adoration,gods_names; worship; praise
No Body,Elevation Worship,E,G,96,4/4,faith; calling; identity; purpose,faith; calling; identity
Make A Way,Elevation Worship,D,F,102,4/4,hope; faith; gods_power; promise,hope; faith; gods_power
A Prophecy (Unto Us),Elevation Worship,C,Eb,98,4/4,christmas; messiah; prophecy; hope,christmas; messiah; prophecy
Breath of Heaven (All Of A Sudden),Elevation Worship,C,Eb,68,4/4,christmas; holy_spirit; mary; surrender,christmas; holy_spirit; mary
Welcome To Our World,Elevation Worship,E,G,72,4/4,christmas; jesus_birth; incarnation; hope,christmas; jesus_birth; incarnation
JOY!,Elevation Worship,G,A,120,4/4,joy; christmas; praise; worship,joy; christmas; praise
Here Comes Heaven,Elevation Worship,D,F,118,4/4,christmas; heaven; jesus_birth; praise,christmas; heaven; jesus_birth
"Infant Holy, Infant Lowly",Elevation Worship,Gb,B,60,4/4,christmas; incarnation; awe; adoration,christmas; incarnation; awe
LION,Elevation Worship,C,Eb,130,4/4,jesus; power; victory; worship,jesus; power; victory
This Is The Kingdom,Elevation Worship,D,F,100,4/4,kingdom_of_god; worship; victory; gods_reign,kingdom_of_god; worship; victory
Dancing,Elevation Worship,E,G,104,4/4,celebration; joy; victory; gods_love,celebration; joy; victory
Water Is Wild,Elevation Worship,D,F,96,4/4,holy_spirit; revival; living_water; transformation,holy_spirit; revival; living_water
Welcome Resurrection,Elevation Worship,G,A,110,4/4,resurrection; victory; life; jesus,resurrection; victory; life
Forever YHWH,Elevation Worship,D,F,96,4/4,gods_eternal_nature; worship; adoration; jesus,gods_eternal_nature; worship; adoration
No One,Elevation Worship,D,F,100,4/4,jesus; exclusivity; adoration; worship,jesus; exclusivity; adoration
You Really Are,Elevation Worship,G,A,72,4/4,gods_love; adoration; jesus; praise,gods_love; adoration; jesus
Why,Elevation Worship,C,Eb,90,4/4,faith; gods_sovereignty; trust; hope,faith; gods_sovereignty; trust
The One You Love,Elevation Worship,D,F,74,4/4,jesus; love; adoration; identity,jesus; love; adoration
Might Get Loud,Elevation Worship,E,G,126,4/4,praise; worship; gods_greatness; celebration,praise; worship; gods_greatness
Authority,Elevation Worship,D,F,92,4/4,gods_authority; power; victory; praise,gods_authority; power; victory
Available,Elevation Worship,C,E,75,4/4,surrender; availability; holy_spirit; faith,surrender; availability; holy_spirit
No One Beside,Elevation Worship,D,F,80,4/4,worship; adoration; gods_uniqueness; gods_glory,worship; adoration; gods_uniqueness
Have My Heart,Elevation Worship,D,F,92,4/4,surrender; gods_heart; love; obedience,surrender; gods_heart; love
What Would You Do,Elevation Worship,C,Eb,95,4/4,calling; faith; action; surrender,calling; faith; action
GOD SAID LIVE!,Elevation Worship,D,F,120,4/4,faith; gods_word; life; victory,faith; gods_word; life
Old Church Basement,Elevation Worship,A,C,90,4/4,simplicity; authenticity; worship; community,simplicity; authenticity; worship
Paradoxology,Elevation Worship,G,A,92,4/4,gods_mystery; faith; worship; wonder,gods_mystery; faith; worship
Hallelujah Here Below,Elevation Worship,E,G,75,4/4,worship; praise; gods_glory; adoration,worship; praise; gods_glory
Echo,Elevation Worship,C,Eb,120,4/4,praise; glory; gods_love; adoration,praise; glory; gods_love
With You,Elevation Worship,D,F,70,4/4,gods_presence; comfort; faith; trust,gods_presence; comfort; faith
Mighty God (Another Hallelujah),Elevation Worship,A,C,118,4/4,gods_power; praise; adoration; victory,gods_power; praise; adoration
Faithful,Elevation Worship,D,F,74,4/4,gods_faithfulness; trust; worship; surrender,gods_faithfulness; trust; worship
Worthy,Elevation Worship,G,A,118,4/4,worship; gods_worth; adoration; praise,worship; gods_worth; adoration
Hallelujah Here Below / There Is A Cloud,Elevation Worship,D,F,102,4/4,praise; gods_glory; heaven; exaltation,praise; gods_glory; heaven
Power,Elevation Worship,D,F,92,4/4,gods_power; authority; victory; exaltation,gods_power; authority; victory
Then He Rose,Elevation Worship,D,F,90,4/4,resurrection; victory; hope; praise,resurrection; victory; hope
Greater Than Your Love,Elevation Worship,E,G,88,4/4,gods_love; praise; adoration; faith,gods_love; praise; adoration
Still God,Elevation Worship,D,F,68,4/4,gods_sovereignty; peace; trust; faithfulness,gods_sovereignty; peace; trust
Better Word,Elevation Worship,D,F,82,4/4,grace; jesus_sacrifice; redemption; faith,grace; jesus_sacrifice; redemption
There Is A Cloud,Elevation Worship,D,F,80,4/4,gods_presence; anticipation; hope; promise,gods_presence; anticipation; hope
Fullness,Elevation Worship,C,Eb,85,4/4,holy_spirit; gods_presence; spiritual_growth; faith,holy_spirit; gods_presence; spiritual_growth
He Is Lord,Elevation Worship,E,G,90,4/4,lordship_of_christ; worship; adoration; victory,lordship_of_christ; worship; adoration
Yours (Glory and Praise),Elevation Worship,D,F,74,4/4,worship; adoration; gods_glory; surrender,worship; adoration; gods_glory
Uncontainable Love,Elevation Worship,E,G,105,4/4,gods_love; praise; grace; joy,gods_love; praise; grace
Forever I Run,Elevation Worship,D,F,80,4/4,commitment; gods_love; perseverance; faithfulness,commitment; gods_love; perseverance
None,Elevation Worship,C,Eb,70,4/4,providence; peace; trust; gods_sovereignty,providence; peace; trust
Grateful,Elevation Worship,A,C,93,4/4,gratitude; testimony; faithfulness; praise,gratitude; testimony; faithfulness
Mighty Cross,Elevation Worship,G,Bb,73,4/4,the_cross; atonement; redemption; freedom,the_cross; atonement; redemption
Oh Sing,Elevation Worship,D,F,121,4/4,praise; joy; spiritual_warfare; adoration,praise; joy; spiritual_warfare
Here In The Presence,Elevation Worship,B,D,70,4/4,presence_of_god; surrender; peace; prayer,presence_of_god; surrender; peace
The Glory Is Yours,Elevation Worship,A,C,78,4/4,glory_of_god; adoration; gods_worthiness; praise,glory_of_god; adoration; gods_worthiness
I Will Look Up,Elevation Worship,A,C,78,4/4,anxiety; peace; surrender; trust,anxiety; peace; surrender
Grace So Glorious,Elevation Worship,Db,E,65,4/4,grace; the_cross; forgiveness; worship,grace; the_cross; forgiveness
The Love Of Jesus,Elevation Worship,G,Bb,69,4/4,gospel; atonement; holiness; worthy_lamb,gospel; atonement; holiness
The Last Word,Elevation Worship,C,F,117,4/4,victory; resurrection; authority_of_jesus; hope,victory; resurrection; authority_of_jesus
Mighty Warrior,Elevation Worship,C,F,81,4/4,spiritual_warfare; gods_strength; trust; deliverance,spiritual_warfare; gods_strength; trust
I Will Sing,Elevation Worship,F,Bb,118,4/4,praise; faithfulness; joy; confidence_in_god,praise; faithfulness; joy
Everlasting Father,Elevation Worship,Eb,Ab,75,4/4,fatherhood_of_god; trust; comfort; gods_faithfulness,fatherhood_of_god; trust; comfort
Great and Mighty King,Elevation Worship,D,G,73,4/4,kingship_of_jesus; adoration; worship; gods_greatness,kingship_of_jesus; adoration; worship
Unto Your Name,Elevation Worship,Gb,B,74,4/4,gods_glory; worship; honor; surrender,gods_glory; worship; honor
Raised to Life,Elevation Worship,C,F,78,4/4,resurrection; new_life; gospel; freedom,resurrection; new_life; gospel
Already Won,Elevation Worship,F,Bb,128,4/4,victory; faith; authority_of_jesus; perseverance,victory; faith; authority_of_jesus
Unstoppable God,Elevation Worship,B,E,132,4/4,power_of_god; victory; faith; praise,power_of_god; victory; faith
Jesus I Come,Elevation Worship,D,F,70,4/4,invitation; repentance; grace; surrender,invitation; repentance; grace
Ever Glorious,Elevation Worship,C,Eb,68,4/4,jesus_exalted; worthy; adoration; holiness,jesus_exalted; worthy; adoration
Jesus Forever,Elevation Worship,B,D,82,4/4,jesus_exalted; steadfast_hope; faithfulness; praise,jesus_exalted; steadfast_hope; faithfulness
Your Promises,Elevation Worship,C,Eb,80,4/4,promises_of_god; faith; perseverance; trust,promises_of_god; faith; perseverance
The King Is Among Us,Elevation Worship,C,Eb,78,4/4,revival; presence_of_god; kingdom; faith,revival; presence_of_god; kingdom
The First Light,Elevation Worship,C,Eb,130,4/4,incarnation; hope; light; christmas,incarnation; hope; light
Great Things (Worth It All),Elevation Worship,D,F,90,4/4,testimony; faithfulness; perseverance; gratitude,testimony; faithfulness; perseverance
Standing,Elevation Worship,A,C,110,4/4,faith; promises_of_god; steadfastness; hope,faith; promises_of_god; steadfastness
Let Us Adore,Elevation Worship,B,D,76,4/4,adoration; gospel; mercy; invitation,adoration; gospel; mercy
Fortress,Elevation Worship,D,F,75,4/4,trust; fear_and_anxiety; protection; faithfulness,trust; fear_and_anxiety; protection
Look How He Lifted Me,Elevation Worship,G,C,114,4/4,testimony; grace; deliverance; praise,testimony; grace; deliverance
For the Honor,Elevation Worship,Eb,Ab,72,4/4,glory_of_god; christcentered_worship; surrender; cross,glory_of_god; christcentered_worship; surrender
Exalted One,Elevation Worship,A,D,86,4/4,exaltation_of_jesus; worship; holiness; lordship,exaltation_of_jesus; worship; holiness
The Lord Is My Rock,Elevation Worship,B,E,72,4/4,gods_character; trust; strength; refuge,gods_character; trust; strength
God Be Praised,Elevation Worship,D,G,73,4/4,praise; adoration; gods_worthiness; thanksgiving,praise; adoration; gods_worthiness
The Highest,Elevation Worship,Bb,Eb,60,4/4,exaltation; awe; holiness; adoration,exaltation; awe; holiness
Victorious,Elevation Worship,B,E,138,4/4,victory_in_christ; resurrection; faith; spiritual_warfare,victory_in_christ; resurrection; faith
Give Me Faith,Elevation Worship,A,D,72,4/4,faith; prayer; dependence; trust,faith; prayer; dependence
All Things New,Elevation Worship,Db,Gb,68,4/4,hope; renewal; future_glory; faith_trust,hope; renewal; future_glory
You Reign Alone,Elevation Worship,F#,B,74,4/4,sovereignty; kingship_of_jesus; worship; awe,sovereignty; kingship_of_jesus; worship
Give My Life To You,Elevation Worship,C,F,120,4/4,surrender; calling; discipleship; response,surrender; calling; discipleship
The Gospel,Elevation Worship,Db,Gb,80,4/4,gospel; grace; salvation; jesus,gospel; grace; salvation
Our King Has Come,Elevation Worship,C,F,60,4/4,incarnation; advent; kingship_of_jesus; hope,incarnation; advent; kingship_of_jesus
We Are Alive,Elevation Worship,G,C,80,4/4,worship; church; new_life,worship; church; new_life
Undivided,Elevation Worship,C,F,78,4/4,unity; surrender; love,unity; surrender; love
All Around The World,Elevation Worship,C,F,77,4/4,mission; praise; nations,mission; praise; nations
Walk In Love,Elevation Worship,C,F,120,4/4,discipleship; love; obedience,discipleship; love; obedience
Sing Forever,Elevation Worship,A,D,120,4/4,praise; joy; forever,praise; joy; forever
We Have Overcome,Elevation Worship,D,G,140,4/4,victory; cross; hope,victory; cross; hope
Sun Stand Still,Elevation Worship,B,E,135,4/4,faith; miracles; gods_power,faith; miracles; gods_power
This City Is Yours,Elevation Worship,Ab,Db,124,4/4,mission; prayer; city; kingdom,mission; prayer; city
Kingdom Come,Elevation Worship,A,D,75,4/4,kingdom_of_god; prayer; church,kingdom_of_god; prayer; church
Awaken,Elevation Worship,B,E,143,4/4,awakening; praise; spiritual_renewal,awakening; praise; spiritual_renewal
Your Cross,Elevation Worship,D,G,125,4/4,cross; redemption; grace,cross; redemption; grace
No One (feat. Chandler Moore),Elevation Worship,D,G,136,4/4,worship; gods_uniqueness; holiness; adoration,worship; gods_uniqueness; holiness
Fill This Place,Red Rocks Worship,E,G,133,4/4,presence; holy_spirit; prayer; renewal,modern; prayer; invitation; presence
One Great Passion,Red Rocks Worship,C,D,79,4/4,devotion; surrender; first_love; worship,modern; consecration; response
Remedy,Red Rocks Worship,F,G,142.1,4/4,healing; restoration; comfort; faithfulness,modern; healing; encouragement
Into the Light,Red Rocks Worship,G,A,169,4/4,repentance; freedom; light; grace,modern; upbeat; gospel
Echo the Son,Red Rocks Worship,E,F#,89,4/4,witness; mission; discipleship; identity,modern; anthem; send
Love Changes Everything,Red Rocks Worship,E,F#,88,4/4,grace; transformation; cross; hope,modern; gospel; encouragement
More,Red Rocks Worship,B,C#,73,4/4,hunger; abiding; presence; prayer,modern; response; holy_spirit
As We Seek (Hallelujah),Red Rocks Worship,E,F#,78.5,4/4,seeking; adoration; presence; prayer,modern; reflective; hallelujah
Forever Our King,Red Rocks Worship,A,B,70,4/4,kingship; authority; praise; hope,modern; anthem; king_jesus
Heaven Is Here,Red Rocks Worship,C,D,73,4/4,presence; holy_spirit; renewal; hope,modern; encouragement; presence; prayer
Nobody Like You,Red Rocks Worship,Ab,Bb,60,4/4,awe; praise; holiness; gods_character,modern; reverent; adoration
Always and Only,Red Rocks Worship,D,E,71,4/4,abiding; faithfulness; surrender; devotion,modern; response; steady
"Right Here, Right Now",Red Rocks Worship,B,C#,72,4/4,presence; peace; comfort; trust,modern; pastoral; prayer
How Beautiful Your Grace,Red Rocks Worship,D,E,73,4/4,grace; gospel; freedom; assurance,modern; grace; encouragement
Not Afraid,Red Rocks Worship,B,C#,79,4/4,courage; trust; peace; faithfulness,modern; anthem; encouragement
Come Taste and See,Red Rocks Worship,C,D,77,4/4,invitation; grace; goodness_of_god; communion,modern; communion; prayer
Overflow,Red Rocks Worship,B,C#,65,4/4,holy_spirit; fruit; formation; commissioning,modern; prayer; discipleship
I Am Home,Red Rocks Worship,Eb,F,100,4/4,belonging; adoption; identity; fathers_love,modern; identity; encouragement
By the Cross,Red Rocks Worship,Eb,F,75,4/4,cross; gospel; redemption; grace,modern; communion; gospel
Breakthrough,Red Rocks Worship,F,G,95,4/4,faith; miracles; perseverance; prayer,modern; anthem; faith; encouragement
Come Alive,Red Rocks Worship,A,B,72,6/8,renewal; resurrection; hope; holy_spirit,modern; prayer; renewal; 6-8
How Great Your Love Is,Red Rocks Worship,G,A,84,6/8,love_of_god; grace; assurance; gospel,modern; reflective; grace; 6-8
No Other Love,Red Rocks Worship,D,E,73.5,4/4,devotion; abiding; surrender; love_of_god,modern; response; consecration
Holy,Red Rocks Worship,A,B,73,4/4,holiness; awe; adoration; praise,modern; reverent; holy
Be Still,Red Rocks Worship,A,B,74,6/8,peace; trust; rest; presence,modern; pastoral; peace; 6-8
Underneath My Feet,Red Rocks Worship,D,E,79,4/4,victory; spiritual_warfare; hope; faith,modern; upbeat; victory
You Will Be My Song,Red Rocks Worship,D,E,75,4/4,praise; devotion; perseverance; joy,modern; response; declaration
My Deliverer,Red Rocks Worship,Bb,C,120,4/4,deliverance; trust; victory; hope,modern; anthem; faith
Say The Word,Red Rocks Worship,D,E,75,4/4,faith; authority_of_god; trust; prayer,modern; faith; encouragement; prayer
God Of Grace,Red Rocks Worship,B,Db,71.5,4/4,grace; gospel; assurance; mercy,modern; grace; gospel; communion
I Just Really Love You,Red Rocks Worship,D,E,76.5,4/4,devotion; love_for_jesus; abiding; adoration,modern; response; prayer; intimate
With All Of Heaven,Red Rocks Worship,B,Db,72.5,2/4,holiness; awe; adoration; heavenly_worship,modern; reverent; holy; praise
Ascend,Red Rocks Worship,B,Db,96,6/8,surrender; holiness; presence; consecration,modern; prayer; response; 6-8
Miracle In Me,Red Rocks Worship,D,E,79,4/4,transformation; new_life; grace; formation,modern; testimony; discipleship; encouragement
No Name,Red Rocks Worship,Db,Eb,75,4/4,jesus; worship; surrender; freedom,modern; declaration; repentance; anthem
Can't Get Enough,Red Rocks Worship,Db,Eb,74,4/4,devotion; joy; desire_for_god; praise,modern; upbeat; response; joy
There's No Way,Red Rocks Worship,C,D,76,4/4,hope; faith; gods_power; trust,modern; encouragement; faith; anthem
"Right Here, Right Now",Red Rocks Worship,B,C#,72,4/4,presence; peace; comfort; trust,modern; pastoral; prayer
How Beautiful Your Grace,Red Rocks Worship,D,E,73,4/4,grace; gospel; freedom; assurance,modern; grace; encouragement
Not Afraid,Red Rocks Worship,B,C#,79,4/4,courage; trust; peace; faithfulness,modern; anthem; encouragement
Come Taste and See,Red Rocks Worship,C,D,77,4/4,invitation; grace; goodnessofgod; communion,modern; communion; prayer
By the Cross,Red Rocks Worship,Eb,F,75,4/4,cross; gospel; redemption; grace,modern; communion; gospel
Echo the Son,Red Rocks Worship,E,F#,89,4/4,witness; mission; discipleship; identity,modern; anthem; send
As We Seek (Hallelujah),Red Rocks Worship,A,B,70,4/4,seeking; adoration; presence; prayer,modern; reflective; hallelujah
Into the Light,Red Rocks Worship,G,A,169,4/4,repentance; freedom; light; grace,modern; upbeat; gospel
Love Changes Everything,Red Rocks Worship,E,F#,88,4/4,grace; transformation; cross; hope,modern; gospel; encouragement
Believe For It,CeCe Winans,E,G,79,4/4,Faith; Prayer; Miracles; Expectation,Modern; Contemporary Gospel; Prayer; Breakthrough; CCLI Top
Man of Your Word,Maverick City Music,B,D,70,4/4,Faithfulness; Covenant; Trust; Perseverance,Modern; Maverick City; Slow; Reflective; Prayer; CCLI Top
Break Every Chain,Jesus Culture,A,C,68,4/4,Freedom; Deliverance; Holy Spirit; Authority,Modern; Spontaneous; Altar Call; Deliverance; Prayer; Jesus Culture
Fear Is a Liar,Zach Williams,F,Ab,72,4/4,Fear; Identity; Freedom; Spiritual Warfare; Grace,Modern; CCM; Spiritual Warfare; Identity; Encouragement
Rescue Story,Zach Williams,C,Eb,73,4/4,Salvation; Testimony; Grace; Redemption; God's Pursuit,Modern; CCM; Testimony; Salvation; Evangelism; Baptism
There Was Jesus,Zach Williams,Ab,B,77,4/4,Faithfulness; God's Presence; Testimony; Immanuel; Remembrance,Modern; CCM; Country Gospel; Testimony; Thanksgiving; Encouragement
Who Am I,Casting Crowns,Bb,Db,68,4/4,Humility; Grace; Wonder; Identity; God's Love,Modern; Classic; Reflective; Communion; CCLI Top; Casting Crowns
Voice of Truth,Casting Crowns,G,Bb,76,4/4,Faith; Courage; Trust; Identity; Spiritual Warfare,Modern; Classic; Casting Crowns; Encouragement; Faith; CCLI Top
Scars in Heaven,Casting Crowns,G,Bb,64,4/4,Grief; Hope; Resurrection; Heaven; Suffering,Modern; Lament; Grief; Hope; Easter; Memorial; Casting Crowns
I Can Only Imagine,MercyMe,E,G,80,4/4,Heaven; Hope; Eternity; Resurrection; God's Presence,Modern; Classic; MercyMe; Funeral; Easter; Hope; CCLI Top
East to West,Casting Crowns,Bb,Db,72,4/4,Forgiveness; Grace; Shame; Identity; Repentance,Modern; Classic; Casting Crowns; Reflective; Grace; Shame; CCLI Top
You Say,Lauren Daigle,Bb,D,58,4/4,Identity; Worth; Grace; God's Love; Shame,Modern; Crossover; Lauren Daigle; Identity; Reflective; CCLI Top
How Can It Be,Lauren Daigle,Bb,D,68,4/4,Grace; Wonder; Salvation; Forgiveness; God's Love,Modern; Lauren Daigle; Grace; Communion; Easter; Wonder
Known,Tauren Wells,G,Bb,80,4/4,Identity; Intimacy; God's Love; Grace; Security,Modern; Tauren Wells; Identity; Pop Worship; Encouragement
Hills and Valleys,Tauren Wells,Ab,C,76,4/4,Sovereignty; Faithfulness; Suffering; Trust; Perseverance,Modern; Tauren Wells; Encouragement; Suffering; Trust; Anthem
Citizen of Heaven,Tauren Wells,Ab,C,94,4/4,Identity; Kingdom of God; Heaven; Belonging; Calling,Modern; Tauren Wells; Upbeat; Identity; Kingdom; Opener
Only Jesus,Casting Crowns,G,Bb,74,4/4,Surrender; Legacy; Centrality of Christ; Simplicity; Calling,Modern; Casting Crowns; Reflective; Surrender; New Year; Stewardship
Thrive,Casting Crowns,G,Bb,115,4/4,Abundant Life; Growth; Discipleship; Calling; Joy,Modern; Casting Crowns; Upbeat; Vision Sunday; Discipleship; Opener
Word of God Speak,MercyMe,D,F,60,4/4,Scripture; Listening; Surrender; Presence; Prayer,Modern; Classic; MercyMe; Reflective; Prayer; Pre-Sermon; CCLI Top
Rooftops,Jesus Culture,E,G,100,4/4,Declaration; Testimony; Boldness; Evangelism; Praise,Modern; Jesus Culture; Upbeat; Opener; Youth; Testimony
Freedom,Jesus Culture,G,Bb,124,4/4,Freedom; Holy Spirit; Deliverance; Breakthrough; Liberation,Modern; Jesus Culture; Upbeat; Holy Spirit; Pentecost; Breakthrough
Tears of the Saints,Leeland,G,Bb,84,4/4,Intercession; Compassion; Missions; Lament; Evangelism,Modern; Leeland; Intercession; Missions; Lament; Prayer
Sparrows,Cory Asbury,Ab,C,70,4/4,Trust; Anxiety; God's Care; Providence; Rest,Modern; Cory Asbury; Acoustic; Reflective; Anxiety; Trust; Slow
Less Like Me,Zach Williams,Bb,Db,85,4/4,Sanctification; Humility; Character Formation; Discipleship; Growth,Modern; CCM; Zach Williams; Sanctification; Humility; Discipleship
Look Up Child,Lauren Daigle,Bb,D,91,4/4,Trust; God's Nearness; Perspective; Encouragement; Identity,Modern; Lauren Daigle; Crossover; Encouragement; Soulful; Trust
Greater,MercyMe,D,F,116,4/4,Identity; Shame; Spiritual Warfare; Grace; Redemption,Modern; MercyMe; Identity; Grace; Shame; Campfire; CCLI Top
Unstoppable Love,Jesus Culture,F,Ab,74,4/4,God's Love; Pursuit; Grace; Father Heart of God; Redemption,Modern; Jesus Culture; Reflective; Grace; Father Heart; Healing
Good God Almighty,Crowder,G,Bb,107,4/4,Testimony; Grace; God's Goodness; Transformation; Praise,Modern; Crowder; Upbeat; Anthem; Testimony; Opener; CCLI Top
Running to You,Elevation Worship,B,D,76,4/4,Surrender; Pursuit; Prayer; Commitment; Trust,Modern; Elevation Worship; Maverick City; Reflective; Surrender; Prayer
Hope of the World,Hillsong Worship,E,G,80,4/4,Hope; Salvation; Missions; Jesus; Redemption,Modern; Hillsong Worship; Easter; Missions; Anthem; Global Church
Take Courage,Housefires,D,F,58,4/4,Waiting; Patience; Trust; Sovereignty; Encouragement,Modern; Housefires; Kristene DiMarco; Slow; Waiting; Encouragement; Pastoral
God's Not Done with You,Tauren Wells,G,Bb,78,4/4,Hope; God's Faithfulness; Encouragement; Perseverance; Sanctification,Modern; Tauren Wells; Encouragement; Hope; New Year; Perseverance
Dancing on the Waves,We The Kingdom,E,G,97,6/8,Faith; Trust; Surrender; God's Invitation; Fear vs. Faith,Modern; We The Kingdom; Medium; Youth; Faith; CCLI Top
Child of Love,We The Kingdom,G,Bb,100,4/4,Identity; Adoption; God's Love; Belonging; Grace,Modern; We The Kingdom; Identity; Opener; Grace; Adoption
Rise Up (Lazarus),CAIN,C,Eb,87,4/4,Resurrection; New Life; Spiritual Renewal; Breakthrough; Testimony,Modern; CAIN; Outreach; Testimony; Easter; Resurrection; Renewal
Lifesong,Casting Crowns,Db,E,120,4/4,Whole-Life Worship; Integrity; Discipleship; Surrender; Formation,Modern; Casting Crowns; Discipleship; Formation; Whole-Life Worship; Challenge
Flawless,MercyMe,A,C,102,4/4,Grace; Identity; Justification; Shame; Imputed Righteousness,Modern; MercyMe; Grace; Identity; Shame; Pop-Rock; CCLI Top
Nobody,Casting Crowns,B,D,84,4/4,Humility; Surrender; Platform; Serving; Character,Modern; Casting Crowns; Matthew West; Humility; Worship Leaders; Character
If We Are the Body,Casting Crowns,B,D,80,4/4,Church Mission; Body of Christ; Outreach; Challenge; Action,Modern; Casting Crowns; Challenge; Church Mission; Body of Christ; Outreach
Another in the Fire,Hillsong UNITED,D,F,68,4/4,Suffering; God's Presence; Trials; Refinement; Faithfulness,Modern; Hillsong UNITED; Suffering; Presence; Refinement; Extended Worship; CCLI Top
O Praise the Name (Anastasis),Hillsong Worship,D,F,68,4/4,Resurrection; The Cross; Easter; Gospel Narrative; Hope,Modern; Hillsong Worship; Easter; Resurrection; Communion; Gospel Narrative; CCLI Top
Hello My Name Is,Matthew West,A,C,84,4/4,identity; shame; new creation; grace; freedom,Matthew West; CCM; identity anthem; response song; altar call; medium tempo
Forgiveness,Matthew West,C,Eb,80,4/4,forgiveness; freedom; healing; obedience; the cross,Matthew West; CCM; forgiveness; healing; medium tempo; story-driven
Do Something,Matthew West,G,Bb,96,4/4,justice; action; mission; faith and works; the church,Matthew West; CCM; missions; justice; outreach; medium tempo
Truth Be Told,Matthew West,Bb,Db,72,4/4,authenticity; lament; honesty; confession; grace,Matthew West; CCM; lament; authenticity; mental health; medium tempo
I Still Believe,Jeremy Camp,G,Bb,78,4/4,faith in suffering; grief; trust; God's faithfulness; perseverance,Jeremy Camp; CCM; lament; suffering; testimony; medium tempo; CCLI
Walk By Faith,Jeremy Camp,G,Bb,104,4/4,faith; trust; perseverance; uncertainty; God's faithfulness,Jeremy Camp; CCM; faith declaration; trust; medium tempo; CCLI
There Will Be a Day,Jeremy Camp,D,F,76,4/4,hope; eschatology; suffering; heaven; perseverance,Jeremy Camp; CCM; hope; eschatology; grief; medium tempo
Redeemed,Big Daddy Weave,B,D,127,4/4,redemption; identity; grace; freedom; new creation,Big Daddy Weave; CCM; redemption; grace anthem; fast tempo; CCLI
My Story,Big Daddy Weave,E,G,88,4/4,testimony; God's faithfulness; story; worship; grace,Big Daddy Weave; CCM; testimony; story; medium tempo
We Believe,Newsboys,D,F,130,4/4,creed; doctrine; Trinity; resurrection; the church,Newsboys; CCM; creedal; doctrine; anthemic; fast tempo
God's Not Dead (Like a Lion),Newsboys,E,G,136,4/4,resurrection; God's power; faith declaration; living God; boldness,Newsboys; CCM; anthem; resurrection; fast tempo; youth
By Your Side,Tenth Avenue North,G,Bb,130,4/4,God's presence; comfort; loneliness; divine nearness; identity in Christ,Tenth Avenue North; CCM; comfort; intimacy; slow worship; Dove Award
You Are More,Tenth Avenue North,E,G,84,4/4,grace; identity; shame; forgiveness; acceptance,Tenth Avenue North; CCM; grace anthem; identity; medium tempo; CCLI
Worn,Tenth Avenue North,F#,A,76,4/4,lament; exhaustion; honesty; hope; God's strength,Tenth Avenue North; CCM; lament; burnout; pastoral; slow tempo
He Knows My Name,Francesca Battistelli,Bb,Db,80,4/4,identity; God's knowledge; belonging; intimacy; worth,Francesca Battistelli; CCM; identity; comfort; women's ministry; slow tempo
Find You Here,Ellie Holcomb,A,C,66,4/4,God's presence; suffering; grief; comfort; lament,Ellie Holcomb; CCM; lament; grief; healing; slow tempo; intimate
He Will,Ellie Holcomb,D,F,80,4/4,hope; God's promises; future; trust; eschatology,Ellie Holcomb; CCM; hope; promise; Advent; medium tempo
Cry Out to Jesus,Third Day,C,Eb,66,6/8,comfort; lament; brokenness; Jesus as refuge; prayer,Third Day; CCM; lament; pastoral; healing; slow tempo; CCLI
Sunday Sermons,Anne Wilson,C,Eb,98,4/4,the local church; formation; testimony; Scripture; faithfulness,Anne Wilson; CCM; church; testimony; country gospel; medium tempo
Your Love Awakens Me,Phil Wickham,B,D,101,4/4,resurrection; new life; God's love; Easter; spiritual awakening,Phil Wickham; CCM; resurrection; Easter; fast tempo; anthemic; CCLI
Red Sea Road,Ellie Holcomb,Bb,Db,68,4/4,God's provision; impossibility; faith; Exodus; hope,Ellie Holcomb; CCM; Exodus; hope; pastoral; slow tempo
I Am Not Forgotten,Israel Houghton,E,G,98,4/4,identity; God's knowledge; comfort; belonging; worth,Israel Houghton; New Breed; gospel worship; identity; medium tempo; CCLI
Boldly I Approach (The Art of Celebration),Rend Collective,Bb,Db,138,4/4,access to God; grace; justification; celebration; the cross,Rend Collective; CCM; Celtic folk; grace anthem; fast tempo; CCLI
Not in Me,Sovereign Grace Music,C,Eb,73,4/4,justification; grace alone; Christ's righteousness; Reformation; confession,Sovereign Grace Music; modern hymn; Reformation; justification; slow tempo; doctrinal
O Great God,Sovereign Grace Music,G,Bb,74,3/4,holiness; consecration; sanctification; prayer; God's sovereignty,Sovereign Grace Music; modern hymn; sanctification; slow tempo; Puritan prayer; Bob Kauflin
Come Ye Sinners,Sovereign Grace Music,D,F,82,3/4,invitation; salvation; gospel call; unworthiness; grace,Sovereign Grace Music; hymn; gospel invitation; medium tempo; altar call; Joseph Hart
"Jesus, I My Cross Have Taken",Sovereign Grace Music,E,G,116,4/4,discipleship; sacrifice; surrender; cross-bearing; radical following,Sovereign Grace Music; hymn; discipleship; cross; medium tempo; Bob Kauflin
Let the Church Say Amen,Andraé Crouch,F,Ab,96,4/4,agreement; community; faith declaration; gospel tradition; corporate worship,Andraé Crouch; gospel; classic; call-and-response; medium tempo; CCLI
Good Love,Housefires,E,G,84,4/4,God's love; joy; celebration; goodness; worship,Housefires; CCM; organic worship; joy; medium tempo; acoustic
All Praise,Housefires,D,F,76,4/4,praise; worship; offering; doxology; community,Housefires; CCM; organic worship; praise; medium tempo; acoustic
Endless Praise,Planetshakers,D,F,128,4/4,praise; celebration; God's glory; extravagant worship; unceasing praise,Planetshakers; CCM; high energy; youth; fast tempo; anthemic
Jesus Is Coming Back,Red Rocks Worship,C,Eb,86,4/4,second coming; hope; eschatology; Advent; anticipation,Red Rocks Worship; CCM; eschatology; Advent; medium tempo; anthemic
Let It Be Jesus,Christy Nockels,A,C,72,4/4,surrender; lordship of Christ; centrality of Jesus; prayer; alignment,Christy Nockels; CCM; surrender; prayer; intimate; medium tempo
Healing Is Here,Christy Nockels,G,Bb,78,4/4,healing; Holy Spirit; God's presence; faith; intercession,Christy Nockels; CCM; healing; prayer ministry; Holy Spirit; medium tempo
I Am,Crowder,G,Bb,86,4/4,names of God; God's sufficiency; I AM; covenantal identity; divine attributes,Crowder; CCM; Southern gospel; names of God; medium tempo
Come Praise and Glorify,Sovereign Grace Music,D,F,104,4/4,Trinity; praise; salvation; doxology; Trinitarian theology,Sovereign Grace Music; modern hymn; Trinity; doxology; medium tempo; Bob Kauflin
How I Love You,Sovereign Grace Music,E,G,80,4/4,love for God; devotion; response to grace; first commandment; affection,Sovereign Grace Music; modern hymn; devotional; love; medium tempo; Bob Kauflin
I Will Trust My Savior,Sovereign Grace Music,D,F,96,4/4,trust; faith; perseverance; God's character; peace,Sovereign Grace Music; modern hymn; trust; perseverance; medium tempo
Psalm 100,Sovereign Grace Music,G,Bb,112,4/4,praise; God's goodness; thanksgiving; God's faithfulness; joyful worship,Sovereign Grace Music; psalm; scripture song; thanksgiving; medium tempo
Trust in You,Lauren Daigle,G,A,88,4/4,trust; surrender; suffering; sovereignty of God; faith,Lauren Daigle; CCM; trust; surrender; medium tempo; CCLI
Old Church Choir,Zach Williams,C,Eb,104,4/4,joy; worship; the church; freedom; celebration,Zach Williams; CCM; country gospel; joy; celebration; fast tempo
Hold On to Me,Lauren Daigle,C,D,74,4/4,God's faithfulness; security; trust; weakness; being held,Lauren Daigle; CCM; intimacy; pastoral; healing; slow tempo
Touch the Sky,Hillsong UNITED,A,C,90,4/4,surrender; the kingdom of God; humility; paradox; freedom,Hillsong UNITED; Hillsong; surrender; anthem; medium tempo
"10,000 Reasons (Bless the Lord)",Matt Redman,G,Bb,72,4/4,praise; gratitude; God's attributes; faithfulness; worship,Matt Redman; Passion; CCM; Psalm 103; gratitude; medium tempo; CCLI
Desert Song,Hillsong Worship,D,F,76,4/4,suffering; wilderness; praise; formation; perseverance,Hillsong Worship; Hillsong; Brooke Ligertwood; suffering; formation; medium tempo
Love Is Action,Tauren Wells,Ab,B,108,4/4,love; action; service; justice; the two great commandments,Tauren Wells; CCM; service; justice; fast tempo
Vessel,Housefires,G,Bb,76,4/4,surrender; calling; humility; spiritual formation; being used by God,Housefires; Pat Barrett; intimate; surrender; medium tempo
Faithful Now,Vertical Worship,B,D,74,4/4,faithfulness; God's character; trust; covenant; hope,Vertical Worship; CCM; faithfulness; God's attributes; medium tempo
All Because of Jesus,Fee,C,Eb,134,4/4,resurrection; new life; praise; creation; Christ-centered living,Fee; Steve Fee; CCM; resurrection; anthem; fast tempo; Easter
All In,Matthew West,B,D,88,4/4,commitment; discipleship; wholehearted living; surrender; lordship,Matthew West; CCM; discipleship; commitment; medium tempo
Devotion,Bethel Music,E,G,65,4/4,devotion; consecration; inner life; formation; surrender,Bethel Music; Brian Johnson; intimate; formation; slow tempo
Madly,Fee,G,Bb,80,4/4,love for God; affection; devotion; intimacy; God's love,Fee; Steve Fee; CCM; intimacy; devotion; medium tempo
God Is for Us,CityAlight,D,F,132,4/4,assurance; security; God's advocacy; justification; confidence,CityAlight; CCM; assurance; Romans 8; anthem; fast tempo
Lord From Sorrows Deep I Call (Psalm 42),Matt Boswell,G,Bb,70,4/4,lament; suffering; honesty; hope; Psalm 42,Matt Papa; Matt Boswell; hymn; lament; Psalm 42; slow tempo
More Than Enough,Hillsong Worship,D,F,78,4/4,sufficiency in Christ; contentment; abundance; satisfaction; trust,Hillsong Worship; Hillsong; Reuben Morgan; contentment; medium tempo
This Is the Day,Jesus Culture,E,G,138,4/4,celebration; resurrection; daily worship; gratitude; new mercies,Jesus Culture; CCM; Psalm 118; celebration; Easter; fast tempo
Praise the Father Praise the Son,Chris Tomlin,D,F,80,4/4,Trinity; doxology; praise; doctrine; worship,Chris Tomlin; CCM; Trinity; doctrine; medium tempo
So Be It,Elevation Worship,G,Ab,76,4/4,Sovereignty; God's Word; Declaration; Resurrection; Faith,Elevation Worship; 2026; Easter; Anthem; Declaration; Contemporary
Alleluia,Elevation Worship,A,B,125,4/4,Praise; Perseverance; Spiritual Warfare; Joy; God's Faithfulness,Elevation Worship; 2026; Praise; Chandler Moore; Upbeat; Contemporary
I Know a Name,Elevation Worship,C,Eb,172,4/4,The Name of Jesus; Healing; Resurrection; Authority; Declaration,Elevation Worship; Brandon Lake; 2026; CCLI Top; Dove Award; Easter; Declaration
Jesus Be the Name,Elevation Worship,C,Db,64,4/4,The Name of Jesus; Surrender; Adoration; Lordship; Prayer,Elevation Worship; Tiffany Hudson; 2026; Ballad; Surrender; Communion
Call God,Elevation Worship,Bb,C,92,4/4,Prayer; God's Accessibility; Intimacy; Persistence; Trust,Elevation Worship; Chandler Moore; 2026; Prayer; Gospel Feel; Contemporary
Keep On,Elevation Worship,A,B,138,4/4,Perseverance; Endurance; Testimony; Gratitude; Community,Elevation Worship; 2026; Perseverance; Upbeat; Testimony; Multi-Vocalist
Your Name Is God,Elevation Worship,E,G,78,4/4,The Name of God; Trust; Sovereignty; Refuge; Stillness,Elevation Worship; Leeland Mooring; 2026; Contemplative; Slow; Character of God
Thank You,Elevation Worship,D,F,76,4/4,Gratitude; Thankfulness; God's Goodness; Dependence; Worship,Elevation Worship; Tiffany Hudson; Jonsal Barrientes; 2026; Gratitude; Duet
I Got Saved,Elevation Worship,C,Eb,104,4/4,Salvation; Testimony; New Life; Grace; Celebration,Elevation Worship; Chris Brown; 2026; Testimony; Salvation; Celebratory; Baptism
God I'm Just Grateful,Elevation Worship,D,F,72,4/4,Gratitude; God's Goodness; Testimony; Contentment; Closing Worship,Elevation Worship; Chandler Moore; 2026; Gratitude; Closing Song; CCLI Top; Thanksgiving